energy_id,facility_id,timestamp,electricity_usage,water_usage,hvac_usage,lighting_usage,equipment_usage,other_usage,outdoor_temp_c,occupancy_pct,is_anomaly,anomaly_score
1,1,2026-08-04T00:00:00,43.39,7.64,20.31,14.0,7.4,4.29,28.1,22.7,0,0.0
2,1,2026-08-04T01:00:00,44.46,8.27,21.76,12.51,7.53,4.08,29.1,26.6,0,0.0
3,1,2026-08-04T02:00:00,43.63,10.5,20.11,11.54,8.9,3.93,29.0,21.9,0,0.0
4,1,2026-08-04T03:00:00,47.9,8.56,23.1,10.9,6.32,3.71,30.9,24.4,0,0.0
5,1,2026-08-04T04:00:00,39.71,9.15,19.66,11.68,8.44,3.97,30.9,22.0,0,0.0
6,1,2026-08-04T05:00:00,45.61,9.36,21.21,11.69,7.7,3.92,31.2,31.7,0,0.0
7,1,2026-08-04T06:00:00,40.13,10.49,22.27,11.81,6.6,3.74,31.3,15.1,0,0.0
8,1,2026-08-04T07:00:00,132.27,33.32,80.6,44.28,27.29,14.65,32.0,81.6,0,0.0
9,1,2026-08-04T08:00:00,156.96,34.29,78.36,51.53,28.18,15.03,33.7,81.4,0,0.0
10,1,2026-08-04T09:00:00,194.6,35.95,92.54,51.25,35.06,16.33,33.6,80.8,0,0.0
11,1,2026-08-04T10:00:00,223.94,50.47,116.94,59.7,30.55,15.02,34.9,92.6,0,0.0
12,1,2026-08-04T11:00:00,207.05,47.62,112.53,53.58,37.54,20.24,34.2,98.4,0,0.0
13,1,2026-08-04T12:00:00,220.89,49.56,108.61,64.43,40.91,19.88,32.1,91.9,0,0.0
14,1,2026-08-04T13:00:00,191.44,38.61,113.74,53.05,38.67,20.35,33.0,95.0,0,0.0
15,1,2026-08-04T14:00:00,213.7,45.25,124.83,55.38,43.83,19.61,35.1,94.3,0,0.0
16,1,2026-08-04T15:00:00,209.56,43.42,110.69,56.44,34.21,18.71,32.3,100.0,0,0.0
17,1,2026-08-04T16:00:00,214.36,53.09,106.12,55.77,34.25,18.04,31.4,90.7,0,0.0
18,1,2026-08-04T17:00:00,208.06,45.14,98.37,64.24,38.27,20.94,30.7,98.0,0,0.0
19,1,2026-08-04T18:00:00,167.63,27.83,74.82,41.32,25.3,14.64,30.6,73.6,0,0.0
20,1,2026-08-04T19:00:00,137.41,30.67,67.63,38.34,27.81,11.97,28.8,67.6,0,0.0
21,1,2026-08-04T20:00:00,126.03,33.19,71.08,42.2,23.8,13.01,28.9,68.2,0,0.0
22,1,2026-08-04T21:00:00,45.17,9.5,19.8,14.65,6.81,3.9,27.7,19.5,0,0.0
23,1,2026-08-04T22:00:00,43.97,9.72,24.18,11.54,8.37,4.07,29.8,24.9,0,0.0
24,1,2026-08-04T23:00:00,45.24,9.21,20.24,14.13,7.36,5.01,28.9,15.7,0,0.0
25,1,2026-08-05T00:00:00,42.08,8.57,18.59,14.9,7.3,4.0,27.0,18.3,0,0.0
26,1,2026-08-05T01:00:00,41.9,9.22,22.01,14.51,8.36,3.6,27.7,15.8,0,0.0
27,1,2026-08-05T02:00:00,45.77,8.49,20.64,13.73,7.51,3.66,29.0,16.9,0,0.0
28,1,2026-08-05T03:00:00,43.05,8.46,21.59,13.39,7.74,3.78,30.1,27.6,0,0.0
29,1,2026-08-05T04:00:00,45.72,9.55,22.95,12.39,8.12,4.6,31.1,15.8,0,0.0
30,1,2026-08-05T05:00:00,41.67,7.63,24.07,11.06,6.56,3.98,31.6,19.5,0,0.0
31,1,2026-08-05T06:00:00,41.29,9.23,23.97,12.2,8.23,3.76,32.1,18.7,0,0.0
32,1,2026-08-05T07:00:00,142.01,31.89,75.98,41.37,23.15,14.28,31.6,68.2,0,0.0
33,1,2026-08-05T08:00:00,332.45,38.18,89.24,41.25,29.7,13.8,32.6,73.3,1,0.0
34,1,2026-08-05T09:00:00,168.7,35.01,108.28,50.45,29.43,17.18,34.8,81.2,0,0.0
35,1,2026-08-05T10:00:00,231.54,113.91,114.37,64.46,36.58,16.12,35.9,91.3,1,0.0
36,1,2026-08-05T11:00:00,203.47,43.88,120.71,56.1,36.37,21.36,34.6,91.0,0,0.0
37,1,2026-08-05T12:00:00,222.11,39.55,112.92,61.67,37.1,20.66,33.0,96.4,0,0.0
38,1,2026-08-05T13:00:00,244.57,47.7,125.53,50.28,38.76,18.01,34.2,97.4,0,0.0
39,1,2026-08-05T14:00:00,221.17,40.2,104.23,58.48,39.51,22.07,34.5,96.8,0,0.0
40,1,2026-08-05T15:00:00,230.99,47.71,122.6,60.41,34.98,14.97,32.5,100.0,0,0.0
41,1,2026-08-05T16:00:00,232.81,41.98,122.56,60.29,32.53,17.61,33.1,84.1,0,0.0
42,1,2026-08-05T17:00:00,197.96,39.22,123.34,55.55,34.79,21.31,31.0,100.0,0,0.0
43,1,2026-08-05T18:00:00,142.24,32.48,64.96,36.42,27.1,11.75,29.1,70.7,0,0.0
44,1,2026-08-05T19:00:00,156.19,33.23,72.14,37.93,26.9,12.28,30.1,62.3,0,0.0
45,1,2026-08-05T20:00:00,149.14,25.83,67.89,32.43,25.73,12.68,27.8,72.2,0,0.0
46,1,2026-08-05T21:00:00,42.94,8.62,20.09,13.25,8.13,4.88,28.2,24.1,0,0.0
47,1,2026-08-05T22:00:00,40.12,8.31,21.37,11.55,7.88,3.85,27.1,21.7,0,0.0
48,1,2026-08-05T23:00:00,37.13,10.28,21.87,11.26,8.22,3.88,27.4,14.7,0,0.0
49,1,2026-08-06T00:00:00,41.23,8.82,20.98,13.22,7.2,3.78,26.5,27.7,0,0.0
50,1,2026-08-06T01:00:00,46.28,9.14,16.71,13.36,7.64,4.23,27.1,15.8,0,0.0
51,1,2026-08-06T02:00:00,37.26,9.77,20.84,11.28,8.05,3.95,28.9,16.4,0,0.0
52,1,2026-08-06T03:00:00,50.39,9.41,21.29,13.19,8.25,3.75,28.7,22.3,0,0.0
53,1,2026-08-06T04:00:00,44.27,8.95,19.13,13.49,8.12,4.31,30.0,15.5,0,0.0
54,1,2026-08-06T05:00:00,45.21,8.23,17.99,13.73,8.41,3.94,29.1,11.1,0,0.0
55,1,2026-08-06T06:00:00,41.56,7.88,21.59,12.49,7.44,3.9,32.6,10.5,0,0.0
56,1,2026-08-06T07:00:00,137.23,30.6,95.12,40.83,27.51,11.97,34.5,74.4,0,0.0
57,1,2026-08-06T08:00:00,174.32,32.25,84.0,47.45,31.41,16.2,33.4,73.4,0,0.0
58,1,2026-08-06T09:00:00,162.33,37.07,116.91,52.74,32.16,16.35,34.1,79.6,0,0.0
59,1,2026-08-06T10:00:00,211.44,43.03,113.44,56.5,36.52,20.61,34.5,93.2,0,0.0
60,1,2026-08-06T11:00:00,225.03,40.74,131.09,57.21,38.32,18.25,34.0,100.0,0,0.0
61,1,2026-08-06T12:00:00,199.54,47.09,103.8,66.82,39.3,19.55,34.9,91.7,0,0.0
62,1,2026-08-06T13:00:00,195.61,42.35,119.94,51.0,37.19,16.81,33.4,93.5,0,0.0
63,1,2026-08-06T14:00:00,528.05,44.07,107.82,61.53,35.36,20.31,34.2,91.5,1,0.5937
64,1,2026-08-06T15:00:00,165.84,43.13,114.15,53.43,34.77,18.86,32.3,91.1,0,0.0
65,1,2026-08-06T16:00:00,183.71,43.78,116.65,56.51,33.93,18.73,32.7,95.8,0,0.0
66,1,2026-08-06T17:00:00,200.47,39.12,108.76,54.79,41.45,18.96,31.3,95.7,0,0.0
67,1,2026-08-06T18:00:00,141.45,26.11,61.49,40.69,24.91,11.16,30.6,65.5,0,0.0
68,1,2026-08-06T19:00:00,147.47,29.73,66.96,44.29,23.48,11.46,30.0,68.7,0,0.0
69,1,2026-08-06T20:00:00,158.58,30.35,65.1,41.93,26.37,11.28,28.3,63.1,0,0.0
70,1,2026-08-06T21:00:00,46.26,8.91,19.64,9.72,7.48,4.17,28.7,21.9,0,0.0
71,1,2026-08-06T22:00:00,61.34,8.85,36.36,12.23,8.8,3.95,28.2,17.5,1,0.0
72,1,2026-08-06T23:00:00,44.22,10.43,18.07,14.57,7.98,4.09,28.7,21.2,0,0.0
73,1,2026-08-07T00:00:00,44.24,8.9,21.47,13.88,8.26,4.0,27.0,26.4,0,0.0
74,1,2026-08-07T01:00:00,46.38,8.67,20.05,11.44,8.45,3.71,27.5,17.2,0,0.0
75,1,2026-08-07T02:00:00,43.48,8.6,22.51,13.38,7.65,4.21,28.6,21.8,0,0.0
76,1,2026-08-07T03:00:00,43.34,9.12,19.9,11.36,8.52,3.87,29.0,29.7,0,0.0
77,1,2026-08-07T04:00:00,45.11,8.55,22.54,11.12,8.14,4.17,30.7,22.4,0,0.0
78,1,2026-08-07T05:00:00,46.23,8.25,25.46,13.04,7.01,4.3,31.4,17.4,0,0.0
79,1,2026-08-07T06:00:00,44.59,9.37,21.95,13.62,7.2,4.4,31.1,14.8,0,0.0
80,1,2026-08-07T07:00:00,152.29,31.23,75.31,37.27,27.61,14.19,32.3,60.8,0,0.0
81,1,2026-08-07T08:00:00,154.67,42.8,78.47,46.02,28.56,12.97,31.9,78.6,0,0.0
82,1,2026-08-07T09:00:00,172.93,38.51,98.17,51.28,33.4,14.11,34.5,80.2,0,0.0
83,1,2026-08-07T10:00:00,613.66,46.67,117.93,60.79,41.9,20.88,32.8,88.0,1,0.6092
84,1,2026-08-07T11:00:00,204.43,38.65,103.74,64.95,34.38,19.55,33.2,100.0,0,0.0
85,1,2026-08-07T12:00:00,201.12,41.15,137.8,67.66,36.26,20.05,34.7,100.0,0,0.0
86,1,2026-08-07T13:00:00,206.62,47.1,122.25,56.17,42.25,16.59,33.2,95.1,0,0.0
87,1,2026-08-07T14:00:00,208.26,41.68,117.56,58.46,35.16,20.6,32.5,92.2,0,0.0
88,1,2026-08-07T15:00:00,186.03,41.12,117.49,54.17,41.31,19.53,33.6,91.3,0,0.0
89,1,2026-08-07T16:00:00,230.21,41.99,102.0,59.07,35.28,17.2,31.4,93.0,0,0.0
90,1,2026-08-07T17:00:00,213.08,48.63,99.24,53.09,38.54,21.42,30.3,97.2,0,0.0
91,1,2026-08-07T18:00:00,122.93,28.92,63.7,35.18,28.41,14.2,29.8,66.4,0,0.0
92,1,2026-08-07T19:00:00,130.6,30.25,58.73,41.74,22.79,11.72,28.1,68.9,0,0.0
93,1,2026-08-07T20:00:00,153.62,25.55,63.54,44.51,23.61,14.24,29.4,57.1,0,0.0
94,1,2026-08-07T21:00:00,46.1,9.06,19.99,10.39,8.23,3.51,27.9,11.7,0,0.0
95,1,2026-08-07T22:00:00,43.91,8.44,22.84,13.22,8.48,3.76,29.4,9.9,0,0.0
96,1,2026-08-07T23:00:00,45.79,8.82,20.17,12.79,7.19,4.05,29.3,17.1,0,0.0
97,1,2026-08-08T00:00:00,35.54,7.22,15.9,10.94,6.33,3.0,29.5,18.8,0,0.0
98,1,2026-08-08T01:00:00,33.28,6.93,15.59,8.91,5.59,2.71,29.8,11.3,0,0.0
99,1,2026-08-08T02:00:00,33.92,6.79,15.4,10.0,5.65,2.72,28.3,12.1,0,0.0
100,1,2026-08-08T03:00:00,32.9,6.42,15.53,8.8,5.33,3.0,30.1,13.4,0,0.0
101,1,2026-08-08T04:00:00,31.08,6.44,15.18,10.6,5.65,2.78,29.4,9.7,0,0.0
102,1,2026-08-08T05:00:00,29.21,6.31,17.24,8.41,6.57,2.91,30.4,20.0,0,0.0
103,1,2026-08-08T06:00:00,30.95,7.01,15.79,10.49,6.12,2.38,30.6,11.7,0,0.0
104,1,2026-08-08T07:00:00,31.87,6.86,16.35,10.69,5.14,3.0,30.7,10.5,0,0.0
105,1,2026-08-08T08:00:00,74.97,10.52,43.37,17.98,11.57,6.85,34.6,28.2,0,0.0
106,1,2026-08-08T09:00:00,97.53,12.07,62.74,18.23,11.33,5.23,32.6,25.3,1,0.0
107,1,2026-08-08T10:00:00,67.18,13.88,30.56,17.36,12.06,6.47,33.8,20.2,0,0.0
108,1,2026-08-08T11:00:00,71.12,13.52,38.82,18.18,11.57,6.2,33.7,28.2,0,0.0
109,1,2026-08-08T12:00:00,68.26,12.87,38.06,18.08,11.97,5.81,32.7,31.2,0,0.0
110,1,2026-08-08T13:00:00,66.36,14.42,37.94,18.89,9.79,6.14,32.7,28.2,0,0.0
111,1,2026-08-08T14:00:00,59.91,14.01,33.49,19.76,12.18,6.31,32.7,25.5,0,0.0
112,1,2026-08-08T15:00:00,59.54,14.06,38.98,18.95,12.02,5.83,31.8,29.3,0,0.0
113,1,2026-08-08T16:00:00,62.42,15.36,35.88,17.63,13.24,6.95,31.8,30.2,0,0.0
114,1,2026-08-08T17:00:00,68.2,13.53,35.3,20.55,12.16,6.09,31.2,26.4,0,0.0
115,1,2026-08-08T18:00:00,34.46,6.14,15.9,8.39,5.99,3.05,29.9,9.1,0,0.0
116,1,2026-08-08T19:00:00,34.98,6.26,18.33,9.65,6.39,2.4,30.2,18.4,0,0.0
117,1,2026-08-08T20:00:00,34.12,6.64,15.28,8.5,6.16,3.29,29.7,18.3,0,0.0
118,1,2026-08-08T21:00:00,33.85,6.73,14.34,9.1,6.59,2.69,28.9,17.0,0,0.0
119,1,2026-08-08T22:00:00,35.4,6.38,14.21,8.27,5.94,2.84,29.0,16.1,0,0.0
120,1,2026-08-08T23:00:00,35.46,6.3,15.89,9.74,5.76,3.31,27.5,24.3,0,0.0
121,1,2026-08-09T00:00:00,35.04,6.11,17.37,10.0,6.23,2.74,29.4,11.7,0,0.0
122,1,2026-08-09T01:00:00,34.18,6.11,13.9,8.23,6.52,3.32,28.1,13.7,0,0.0
123,1,2026-08-09T02:00:00,35.78,7.41,14.44,8.86,6.72,2.73,28.1,21.3,0,0.0
124,1,2026-08-09T03:00:00,30.85,6.24,17.08,9.08,5.48,3.54,28.1,16.9,0,0.0
125,1,2026-08-09T04:00:00,31.17,6.8,15.95,8.69,5.97,3.21,30.4,10.3,0,0.0
126,1,2026-08-09T05:00:00,33.85,7.3,18.46,9.54,6.11,2.88,30.5,19.0,0,0.0
127,1,2026-08-09T06:00:00,28.5,7.38,17.25,9.42,6.37,2.91,31.4,11.5,0,0.0
128,1,2026-08-09T07:00:00,30.41,7.13,16.83,10.53,6.38,2.93,31.9,22.4,0,0.0
129,1,2026-08-09T08:00:00,66.66,13.54,31.29,19.83,12.81,6.06,31.8,32.6,0,0.0
130,1,2026-08-09T09:00:00,102.26,14.65,68.59,17.68,10.91,5.09,33.4,30.0,1,0.0
131,1,2026-08-09T10:00:00,153.42,12.85,41.85,17.19,10.89,5.87,33.9,25.0,1,0.0
132,1,2026-08-09T11:00:00,65.32,14.38,32.88,19.16,11.34,6.4,34.4,33.3,0,0.0
133,1,2026-08-09T12:00:00,67.25,13.08,36.18,17.55,12.07,5.6,33.5,25.4,0,0.0
134,1,2026-08-09T13:00:00,74.57,13.9,40.93,18.04,12.27,5.99,34.0,33.1,0,0.0
135,1,2026-08-09T14:00:00,73.3,13.81,40.52,17.97,10.8,5.36,33.8,26.4,0,0.0
136,1,2026-08-09T15:00:00,60.88,14.56,32.49,22.15,11.58,5.33,33.2,31.4,0,0.0
137,1,2026-08-09T16:00:00,59.23,13.74,37.19,19.34,12.9,5.84,32.0,37.0,0,0.0
138,1,2026-08-09T17:00:00,65.67,13.0,30.86,19.9,13.51,7.02,31.2,32.8,0,0.0
139,1,2026-08-09T18:00:00,32.26,7.05,12.62,9.28,5.17,3.36,29.6,2.9,0,0.0
140,1,2026-08-09T19:00:00,51.21,6.64,36.12,7.1,5.35,2.65,30.4,23.4,1,0.0
141,1,2026-08-09T20:00:00,36.03,7.21,14.7,9.08,6.6,2.92,28.2,22.8,0,0.0
142,1,2026-08-09T21:00:00,28.22,7.14,14.06,10.15,6.28,3.36,27.3,13.4,0,0.0
143,1,2026-08-09T22:00:00,35.23,5.79,14.43,9.97,6.23,2.78,27.1,6.8,0,0.0
144,1,2026-08-09T23:00:00,28.99,7.14,14.09,8.68,5.71,3.07,27.8,18.1,0,0.0
145,1,2026-08-10T00:00:00,42.69,8.72,20.86,12.7,8.17,4.08,28.8,10.6,0,0.0
146,1,2026-08-10T01:00:00,43.35,9.3,20.2,11.88,7.73,4.27,28.4,12.5,0,0.0
147,1,2026-08-10T02:00:00,42.03,9.78,18.42,13.19,8.05,3.88,28.9,28.1,0,0.0
148,1,2026-08-10T03:00:00,45.37,8.41,20.77,11.36,8.31,4.87,28.4,15.3,0,0.0
149,1,2026-08-10T04:00:00,44.68,7.82,16.62,11.96,8.47,4.16,29.4,22.9,0,0.0
150,1,2026-08-10T05:00:00,38.44,8.53,23.85,13.55,8.31,4.02,29.8,16.0,0,0.0
151,1,2026-08-10T06:00:00,42.89,9.2,24.2,12.17,7.43,4.1,32.0,20.3,0,0.0
152,1,2026-08-10T07:00:00,153.89,29.47,78.48,43.99,31.88,12.83,31.7,62.8,0,0.0
153,1,2026-08-10T08:00:00,173.26,30.92,88.98,44.58,29.28,15.49,33.4,75.1,0,0.0
154,1,2026-08-10T09:00:00,202.71,37.53,94.96,44.79,33.62,15.87,33.4,81.5,0,0.0
155,1,2026-08-10T10:00:00,223.34,42.39,125.76,65.46,37.55,17.87,32.5,94.6,0,0.0
156,1,2026-08-10T11:00:00,222.89,41.51,118.33,63.78,37.34,19.56,34.3,94.7,0,0.0
157,1,2026-08-10T12:00:00,205.76,43.66,103.7,57.34,33.76,20.15,32.8,94.5,0,0.0
158,1,2026-08-10T13:00:00,212.0,37.23,118.19,52.31,38.67,18.77,34.8,96.3,0,0.0
159,1,2026-08-10T14:00:00,200.26,38.2,108.96,53.72,36.55,19.21,31.5,93.3,0,0.0
160,1,2026-08-10T15:00:00,190.75,44.82,116.68,59.75,44.83,14.45,32.5,93.5,0,0.0
161,1,2026-08-10T16:00:00,205.59,36.02,108.2,63.03,39.17,18.61,31.0,97.2,0,0.0
162,1,2026-08-10T17:00:00,234.88,42.09,106.71,56.04,41.51,15.55,29.7,95.2,0,0.0
163,1,2026-08-10T18:00:00,140.52,26.61,72.19,42.38,27.15,12.82,28.6,66.8,0,0.0
164,1,2026-08-10T19:00:00,134.71,29.8,59.6,42.51,25.64,13.66,29.0,61.6,0,0.0
165,1,2026-08-10T20:00:00,142.89,27.56,69.72,39.89,24.72,13.5,29.3,57.8,0,0.0
166,1,2026-08-10T21:00:00,43.43,9.51,20.36,12.14,9.01,3.79,28.6,23.7,0,0.0
167,1,2026-08-10T22:00:00,42.03,8.06,21.25,12.1,8.07,3.68,26.9,19.1,0,0.0
168,1,2026-08-10T23:00:00,41.85,9.6,19.63,11.24,7.38,3.98,27.5,23.9,0,0.0
169,1,2026-08-11T00:00:00,47.91,9.98,21.39,11.82,8.9,3.35,25.3,23.2,0,0.0
170,1,2026-08-11T01:00:00,44.51,9.22,20.59,11.68,7.87,3.35,27.8,17.2,0,0.0
171,1,2026-08-11T02:00:00,39.54,8.98,18.98,11.06,7.67,4.05,29.4,22.6,0,0.0
172,1,2026-08-11T03:00:00,43.21,8.68,18.79,13.71,7.17,4.24,29.3,22.2,0,0.0
173,1,2026-08-11T04:00:00,43.99,9.86,22.81,10.57,9.53,3.78,31.3,15.7,0,0.0
174,1,2026-08-11T05:00:00,41.07,10.71,22.25,11.01,8.69,3.36,30.5,24.5,0,0.0
175,1,2026-08-11T06:00:00,44.62,8.36,23.71,13.15,7.85,4.63,31.9,16.1,0,0.0
176,1,2026-08-11T07:00:00,146.29,34.44,78.83,42.84,27.1,13.32,32.6,70.0,0,0.0
177,1,2026-08-11T08:00:00,162.26,30.84,88.19,41.51,31.7,15.13,33.3,73.9,0,0.0
178,1,2026-08-11T09:00:00,181.68,38.06,91.86,44.09,28.84,14.2,34.5,80.1,0,0.0
179,1,2026-08-11T10:00:00,249.6,44.02,118.27,52.16,37.65,20.52,33.2,97.0,0,0.0
180,1,2026-08-11T11:00:00,210.12,35.99,108.07,65.83,37.4,19.8,33.2,94.6,0,0.0
181,1,2026-08-11T12:00:00,224.6,44.29,105.89,59.68,38.02,18.63,33.0,99.8,0,0.0
182,1,2026-08-11T13:00:00,200.62,41.36,116.79,62.44,35.67,19.15,32.9,89.1,0,0.0
183,1,2026-08-11T14:00:00,207.18,42.44,129.46,60.55,30.08,19.31,31.9,99.6,0,0.0
184,1,2026-08-11T15:00:00,215.1,41.24,107.81,54.52,32.26,16.15,33.2,99.4,0,0.0
185,1,2026-08-11T16:00:00,180.88,46.83,97.49,62.48,39.32,20.61,31.3,97.6,0,0.0
186,1,2026-08-11T17:00:00,195.51,42.22,102.8,56.75,41.0,19.39,30.8,90.6,0,0.0
187,1,2026-08-11T18:00:00,135.82,29.61,65.76,40.08,27.08,12.41,31.2,69.9,0,0.0
188,1,2026-08-11T19:00:00,147.17,35.35,61.5,44.22,29.32,12.94,28.2,60.8,0,0.0
189,1,2026-08-11T20:00:00,161.39,27.2,63.24,37.67,26.8,11.66,27.9,52.6,0,0.0
190,1,2026-08-11T21:00:00,40.85,9.3,19.66,12.19,6.35,4.11,26.9,11.5,0,0.0
191,1,2026-08-11T22:00:00,41.36,8.06,20.87,13.63,7.1,4.29,26.7,26.0,0,0.0
192,1,2026-08-11T23:00:00,45.69,9.9,22.6,12.5,8.57,3.53,29.7,24.6,0,0.0
193,1,2026-08-12T00:00:00,40.58,9.62,21.59,12.61,8.15,3.8,29.2,14.8,0,0.0
194,1,2026-08-12T01:00:00,46.0,7.86,18.99,13.18,8.14,3.69,27.9,14.0,0,0.0
195,1,2026-08-12T02:00:00,42.53,8.9,18.89,12.15,8.53,3.95,28.2,23.3,0,0.0
196,1,2026-08-12T03:00:00,41.05,9.36,23.28,11.68,7.95,3.86,29.0,15.6,0,0.0
197,1,2026-08-12T04:00:00,43.19,10.11,22.99,11.63,7.76,3.8,31.4,24.4,0,0.0
198,1,2026-08-12T05:00:00,48.02,8.63,17.98,11.85,7.88,3.68,30.7,15.6,0,0.0
199,1,2026-08-12T06:00:00,49.23,9.59,22.19,12.15,7.13,4.44,31.5,25.1,0,0.0
200,1,2026-08-12T07:00:00,154.51,29.51,70.66,47.88,29.84,14.9,33.2,82.2,0,0.0
201,1,2026-08-12T08:00:00,182.15,32.8,94.72,49.09,26.25,17.45,32.3,70.7,0,0.0
202,1,2026-08-12T09:00:00,201.95,38.03,122.16,43.02,29.61,19.02,34.1,75.0,0,0.0
203,1,2026-08-12T10:00:00,474.3,42.45,354.95,57.97,40.47,20.9,35.1,94.6,1,0.6244
204,1,2026-08-12T11:00:00,223.79,37.84,120.8,54.96,37.48,18.95,34.3,94.2,0,0.0
205,1,2026-08-12T12:00:00,220.94,40.08,118.37,64.97,36.0,17.78,33.3,97.0,0,0.0
206,1,2026-08-12T13:00:00,213.37,42.89,91.91,60.46,40.99,17.87,33.0,96.3,0,0.0
207,1,2026-08-12T14:00:00,228.39,47.81,109.62,63.34,38.39,18.12,32.3,95.6,0,0.0
208,1,2026-08-12T15:00:00,174.14,36.53,108.85,51.74,33.35,18.28,31.5,97.6,0,0.0
209,1,2026-08-12T16:00:00,203.95,35.54,119.14,58.58,36.0,19.13,32.4,86.0,0,0.0
210,1,2026-08-12T17:00:00,183.81,42.08,94.11,54.2,34.32,16.81,31.3,100.0,0,0.0
211,1,2026-08-12T18:00:00,156.93,33.2,74.45,44.12,28.09,11.53,31.1,67.7,0,0.0
212,1,2026-08-12T19:00:00,130.03,31.04,65.22,40.67,27.46,11.78,29.0,62.5,0,0.0
213,1,2026-08-12T20:00:00,143.39,96.21,65.11,40.55,26.16,11.57,28.3,68.6,1,0.0
214,1,2026-08-12T21:00:00,43.47,7.78,21.73,12.6,8.13,4.46,28.4,19.0,0,0.0
215,1,2026-08-12T22:00:00,49.31,9.77,22.16,10.82,7.31,3.79,25.6,14.7,0,0.0
216,1,2026-08-12T23:00:00,41.33,8.49,17.91,12.12,7.94,4.07,27.3,20.0,0,0.0
217,1,2026-08-13T00:00:00,49.03,9.66,16.91,12.03,8.01,3.88,27.4,31.6,0,0.0
218,1,2026-08-13T01:00:00,42.3,8.91,17.44,13.22,8.08,4.04,28.0,22.2,0,0.0
219,1,2026-08-13T02:00:00,44.99,9.3,23.71,12.89,7.62,4.13,29.6,29.8,0,0.0
220,1,2026-08-13T03:00:00,45.45,9.88,22.5,10.93,7.64,3.87,30.0,16.1,0,0.0
221,1,2026-08-13T04:00:00,45.85,9.66,21.41,13.22,9.45,4.51,29.7,12.4,0,0.0
222,1,2026-08-13T05:00:00,41.36,7.89,25.49,11.99,7.47,3.86,30.1,24.7,0,0.0
223,1,2026-08-13T06:00:00,46.76,10.07,19.38,12.72,7.69,4.24,31.9,9.6,0,0.0
224,1,2026-08-13T07:00:00,141.66,34.98,78.39,45.33,28.93,15.92,30.2,65.5,0,0.0
225,1,2026-08-13T08:00:00,176.63,30.44,90.21,52.03,26.1,15.77,33.8,82.8,0,0.0
226,1,2026-08-13T09:00:00,158.22,35.86,100.04,46.99,32.43,19.02,33.1,75.1,0,0.0
227,1,2026-08-13T10:00:00,253.26,50.04,124.4,65.31,39.9,16.51,35.9,92.2,0,0.0
228,1,2026-08-13T11:00:00,223.07,42.78,111.7,64.54,36.61,20.7,32.9,94.3,0,0.0
229,1,2026-08-13T12:00:00,177.67,44.64,108.05,62.02,38.31,18.76,34.5,100.0,0,0.0
230,1,2026-08-13T13:00:00,200.71,39.27,106.8,62.94,39.79,17.7,32.5,88.7,0,0.0
231,1,2026-08-13T14:00:00,240.01,48.05,105.2,54.65,40.66,20.18,32.7,100.0,0,0.0
232,1,2026-08-13T15:00:00,211.74,44.15,101.28,57.62,43.76,21.13,30.4,92.5,0,0.0
233,1,2026-08-13T16:00:00,191.83,42.98,108.78,66.23,41.6,17.53,31.5,100.0,0,0.0
234,1,2026-08-13T17:00:00,188.95,42.58,101.01,58.94,37.56,17.8,30.1,94.3,0,0.0
235,1,2026-08-13T18:00:00,142.7,28.65,64.87,35.11,26.83,13.49,30.0,66.6,0,0.0
236,1,2026-08-13T19:00:00,156.07,30.96,67.61,43.52,24.52,10.1,29.5,59.0,0,0.0
237,1,2026-08-13T20:00:00,160.17,28.22,60.2,35.06,26.06,12.04,28.7,69.4,0,0.0
238,1,2026-08-13T21:00:00,44.17,8.09,18.26,12.4,8.18,4.09,28.2,18.3,0,0.0
239,1,2026-08-13T22:00:00,43.82,9.03,22.04,10.87,7.8,4.65,27.5,25.1,0,0.0
240,1,2026-08-13T23:00:00,91.4,8.77,66.54,12.03,8.83,4.01,28.5,12.1,1,0.0
241,1,2026-08-14T00:00:00,48.32,8.82,21.19,11.19,7.39,3.96,27.4,11.2,0,0.0
242,1,2026-08-14T01:00:00,42.68,9.28,19.39,12.77,8.03,3.65,27.9,15.8,0,0.0
243,1,2026-08-14T02:00:00,38.76,9.16,17.96,11.1,7.56,3.71,26.7,18.4,0,0.0
244,1,2026-08-14T03:00:00,48.3,9.28,21.18,11.58,8.01,3.96,29.5,24.9,0,0.0
245,1,2026-08-14T04:00:00,42.01,8.73,20.83,12.73,8.65,4.01,29.9,17.7,0,0.0
246,1,2026-08-14T05:00:00,45.95,9.49,21.58,12.36,8.69,3.54,31.3,15.0,0,0.0
247,1,2026-08-14T06:00:00,43.58,8.17,23.02,10.83,6.13,4.02,31.4,26.1,0,0.0
248,1,2026-08-14T07:00:00,147.1,33.26,79.7,45.34,28.89,13.4,31.9,78.3,0,0.0
249,1,2026-08-14T08:00:00,189.29,34.13,75.27,46.64,28.75,16.2,31.5,75.2,0,0.0
250,1,2026-08-14T09:00:00,164.45,32.26,89.28,51.14,33.66,15.1,33.6,77.6,0,0.0
251,1,2026-08-14T10:00:00,193.43,47.81,114.91,63.17,35.92,16.33,32.5,85.3,0,0.0
252,1,2026-08-14T11:00:00,194.45,41.8,117.46,54.52,39.85,19.96,33.7,94.9,0,0.0
253,1,2026-08-14T12:00:00,205.12,36.59,120.64,57.77,39.69,21.68,33.5,99.1,0,0.0
254,1,2026-08-14T13:00:00,185.0,45.71,112.46,62.3,39.81,17.81,33.5,98.8,0,0.0
255,1,2026-08-14T14:00:00,196.25,43.21,123.86,54.5,37.28,21.32,31.8,93.5,0,0.0
256,1,2026-08-14T15:00:00,188.25,40.98,116.16,61.16,37.06,17.51,32.5,90.8,0,0.0
257,1,2026-08-14T16:00:00,189.94,43.71,96.91,66.22,39.09,19.44,30.7,100.0,0,0.0
258,1,2026-08-14T17:00:00,199.91,38.02,93.09,62.64,36.01,22.09,29.4,100.0,0,0.0
259,1,2026-08-14T18:00:00,144.03,27.1,75.88,43.42,25.76,11.99,29.1,72.3,0,0.0
260,1,2026-08-14T19:00:00,141.6,29.54,64.37,36.82,26.57,12.95,28.4,64.0,0,0.0
261,1,2026-08-14T20:00:00,147.59,28.95,72.86,38.04,23.38,12.47,28.3,69.6,0,0.0
262,1,2026-08-14T21:00:00,45.49,9.72,20.7,13.74,7.17,4.26,26.6,16.3,0,0.0
263,1,2026-08-14T22:00:00,44.14,8.09,19.36,13.92,8.24,4.12,27.6,14.1,0,0.0
264,1,2026-08-14T23:00:00,45.74,8.87,18.92,11.39,8.54,3.76,27.2,23.2,0,0.0
265,1,2026-08-15T00:00:00,34.62,5.6,15.81,10.28,6.34,2.7,28.2,11.0,0,0.0
266,1,2026-08-15T01:00:00,34.8,7.22,14.39,9.59,5.51,2.78,27.7,12.6,0,0.0
267,1,2026-08-15T02:00:00,33.27,7.14,15.51,9.11,6.2,3.18,27.4,23.9,0,0.0
268,1,2026-08-15T03:00:00,29.39,7.21,14.07,9.35,5.54,2.86,27.9,10.8,0,0.0
269,1,2026-08-15T04:00:00,33.22,6.38,15.92,10.13,6.1,3.17,28.5,15.7,0,0.0
270,1,2026-08-15T05:00:00,37.46,6.7,16.37,8.44,5.38,2.97,30.2,21.2,0,0.0
271,1,2026-08-15T06:00:00,32.81,7.31,17.5,8.5,6.1,2.97,32.3,7.7,0,0.0
272,1,2026-08-15T07:00:00,112.65,7.31,17.06,10.78,6.82,3.32,32.1,21.1,1,0.0
273,1,2026-08-15T08:00:00,63.43,14.06,33.34,17.94,12.42,6.04,32.0,31.7,0,0.0
274,1,2026-08-15T09:00:00,69.46,14.33,33.32,20.68,11.81,6.88,32.7,18.7,0,0.0
275,1,2026-08-15T10:00:00,63.87,13.4,37.43,15.35,13.93,6.67,33.3,37.2,0,0.0
276,1,2026-08-15T11:00:00,74.32,13.59,36.55,16.37,10.74,5.94,33.5,35.1,0,0.0
277,1,2026-08-15T12:00:00,68.22,15.99,37.6,19.59,11.6,5.2,32.3,39.0,0,0.0
278,1,2026-08-15T13:00:00,66.33,13.91,35.26,16.2,10.63,5.89,33.1,31.4,0,0.0
279,1,2026-08-15T14:00:00,65.21,12.64,35.09,19.74,12.41,5.45,32.1,27.0,0,0.0
280,1,2026-08-15T15:00:00,66.45,12.33,34.8,18.8,12.23,6.67,31.3,36.9,0,0.0
281,1,2026-08-15T16:00:00,66.07,14.65,34.83,20.77,12.94,6.6,31.3,39.8,0,0.0
282,1,2026-08-15T17:00:00,73.61,14.44,28.65,20.92,12.49,5.75,30.4,37.3,0,0.0
283,1,2026-08-15T18:00:00,36.83,7.04,17.43,9.31,6.23,2.99,29.9,14.4,0,0.0
284,1,2026-08-15T19:00:00,28.42,6.98,14.58,9.49,6.43,2.99,28.5,12.7,0,0.0
285,1,2026-08-15T20:00:00,38.02,8.01,15.14,8.07,7.01,3.18,27.8,19.8,0,0.0
286,1,2026-08-15T21:00:00,33.2,7.2,15.2,8.27,6.29,2.82,29.1,5.9,0,0.0
287,1,2026-08-15T22:00:00,33.63,6.64,13.86,8.91,6.41,3.12,27.9,18.1,0,0.0
288,1,2026-08-15T23:00:00,34.69,5.77,13.45,8.49,5.66,2.89,28.4,11.4,0,0.0
289,1,2026-08-16T00:00:00,32.65,5.95,14.74,9.54,6.96,2.88,26.6,15.1,0,0.0
290,1,2026-08-16T01:00:00,33.01,6.63,18.31,8.99,6.23,3.2,26.8,10.0,0,0.0
291,1,2026-08-16T02:00:00,35.99,6.77,16.8,8.94,6.18,2.99,27.5,16.4,0,0.0
292,1,2026-08-16T03:00:00,34.73,7.18,15.16,8.67,5.36,3.26,30.3,18.1,0,0.0
293,1,2026-08-16T04:00:00,31.58,6.12,14.73,9.26,6.21,2.74,29.2,19.5,0,0.0
294,1,2026-08-16T05:00:00,29.56,6.6,16.01,8.16,6.09,3.22,31.1,17.8,0,0.0
295,1,2026-08-16T06:00:00,34.04,7.33,16.05,8.08,6.55,2.96,30.2,12.1,0,0.0
296,1,2026-08-16T07:00:00,32.07,7.42,17.6,8.86,6.58,2.94,32.9,25.4,0,0.0
297,1,2026-08-16T08:00:00,64.72,12.12,35.02,19.14,11.7,6.47,32.6,32.6,0,0.0
298,1,2026-08-16T09:00:00,70.78,14.35,33.6,19.44,13.0,5.94,32.5,26.5,0,0.0
299,1,2026-08-16T10:00:00,65.91,13.91,35.87,20.28,11.59,6.86,33.1,25.9,0,0.0
300,1,2026-08-16T11:00:00,62.19,14.37,32.11,19.24,10.67,5.97,31.8,32.0,0,0.0
301,1,2026-08-16T12:00:00,70.47,13.19,37.47,21.03,14.37,6.49,32.7,32.3,0,0.0
302,1,2026-08-16T13:00:00,75.98,14.82,35.06,18.54,12.38,5.78,32.8,36.6,0,0.0
303,1,2026-08-16T14:00:00,67.59,12.43,34.11,17.63,13.32,6.0,31.5,30.6,0,0.0
304,1,2026-08-16T15:00:00,68.06,13.48,36.82,16.02,12.05,5.49,31.5,21.9,0,0.0
305,1,2026-08-16T16:00:00,63.55,14.85,33.73,20.33,15.04,5.95,31.2,27.9,0,0.0
306,1,2026-08-16T17:00:00,60.65,13.43,33.64,17.23,12.4,6.21,32.0,31.5,0,0.0
307,1,2026-08-16T18:00:00,32.06,7.17,12.9,10.06,6.03,2.83,29.8,23.2,0,0.0
308,1,2026-08-16T19:00:00,28.9,7.65,15.14,9.59,6.24,2.88,28.6,13.5,0,0.0
309,1,2026-08-16T20:00:00,35.54,7.2,12.24,8.87,6.11,2.99,28.8,17.5,0,0.0
310,1,2026-08-16T21:00:00,36.36,6.34,15.03,9.1,6.22,3.15,28.5,17.0,0,0.0
311,1,2026-08-16T22:00:00,35.49,6.86,14.62,11.57,6.48,2.62,27.0,17.5,0,0.0
312,1,2026-08-16T23:00:00,35.94,5.41,14.97,9.39,6.66,3.3,27.5,21.8,0,0.0
313,1,2026-08-17T00:00:00,47.57,8.86,18.73,12.02,8.05,4.63,26.7,24.3,0,0.0
314,1,2026-08-17T01:00:00,44.64,9.21,20.48,11.62,8.69,4.21,27.4,25.7,0,0.0
315,1,2026-08-17T02:00:00,108.58,9.45,19.87,11.84,8.09,3.88,28.6,30.2,1,0.0
316,1,2026-08-17T03:00:00,40.59,9.37,21.14,11.64,8.54,3.6,28.0,23.5,0,0.0
317,1,2026-08-17T04:00:00,41.45,9.77,20.9,12.35,7.25,3.45,29.8,21.1,0,0.0
318,1,2026-08-17T05:00:00,47.78,8.9,21.18,12.63,7.87,4.1,29.8,16.2,0,0.0
319,1,2026-08-17T06:00:00,40.29,9.46,21.44,12.04,8.26,4.02,31.5,26.2,0,0.0
320,1,2026-08-17T07:00:00,134.53,31.23,88.97,41.94,30.21,17.18,32.2,63.9,0,0.0
321,1,2026-08-17T08:00:00,173.61,31.46,88.01,43.0,26.86,14.07,32.8,80.2,0,0.0
322,1,2026-08-17T09:00:00,202.7,35.53,106.61,39.82,30.46,16.42,34.2,80.4,0,0.0
323,1,2026-08-17T10:00:00,207.0,39.82,107.45,64.56,38.96,20.2,33.2,100.0,0,0.0
324,1,2026-08-17T11:00:00,204.68,45.43,113.69,56.4,40.85,18.61,33.6,96.5,0,0.0
325,1,2026-08-17T12:00:00,185.37,41.91,108.74,62.46,42.88,17.0,33.0,97.8,0,0.0
326,1,2026-08-17T13:00:00,210.17,40.64,93.1,55.14,35.84,17.59,32.3,87.1,0,0.0
327,1,2026-08-17T14:00:00,227.83,38.49,107.82,59.15,36.82,20.54,31.6,88.1,0,0.0
328,1,2026-08-17T15:00:00,204.64,41.52,111.08,52.86,37.09,17.64,31.4,95.1,0,0.0
329,1,2026-08-17T16:00:00,216.25,38.16,93.75,49.76,39.97,18.82,31.8,90.5,0,0.0
330,1,2026-08-17T17:00:00,209.82,41.69,96.59,65.59,37.82,17.53,31.0,97.0,0,0.0
331,1,2026-08-17T18:00:00,153.23,25.62,66.29,42.82,27.74,11.45,30.0,61.0,0,0.0
332,1,2026-08-17T19:00:00,155.39,30.35,67.98,40.44,25.93,11.81,29.0,73.8,0,0.0
333,1,2026-08-17T20:00:00,146.83,28.79,70.36,39.9,30.38,12.69,28.5,59.9,0,0.0
334,1,2026-08-17T21:00:00,40.04,8.88,21.14,12.69,8.65,3.31,27.2,16.2,0,0.0
335,1,2026-08-17T22:00:00,42.71,8.74,21.1,12.96,7.29,4.03,26.4,20.1,0,0.0
336,1,2026-08-17T23:00:00,47.43,9.99,19.62,12.46,8.24,4.36,28.7,19.2,0,0.0
337,1,2026-08-18T00:00:00,48.1,8.45,21.2,11.92,7.6,3.78,28.5,23.6,0,0.0
338,1,2026-08-18T01:00:00,44.98,8.84,19.55,14.28,7.66,3.95,27.8,17.9,0,0.0
339,1,2026-08-18T02:00:00,38.43,9.27,19.85,11.69,8.59,3.18,27.5,18.2,0,0.0
340,1,2026-08-18T03:00:00,36.38,9.87,20.0,13.23,7.01,4.41,28.1,21.4,0,0.0
341,1,2026-08-18T04:00:00,43.52,9.55,22.57,14.34,6.52,4.11,28.5,23.0,0,0.0
342,1,2026-08-18T05:00:00,44.97,8.63,21.23,11.79,8.16,3.77,30.4,17.5,0,0.0
343,1,2026-08-18T06:00:00,37.68,8.32,20.0,11.96,8.48,4.04,30.9,19.6,0,0.0
344,1,2026-08-18T07:00:00,138.39,30.15,81.74,44.68,25.29,14.5,31.5,69.5,0,0.0
345,1,2026-08-18T08:00:00,179.14,32.28,100.96,40.83,31.35,14.12,33.6,69.6,0,0.0
346,1,2026-08-18T09:00:00,177.46,37.67,85.13,45.54,29.9,17.42,32.5,74.7,0,0.0
347,1,2026-08-18T10:00:00,214.79,39.91,111.09,61.97,38.71,20.66,34.1,86.8,0,0.0
348,1,2026-08-18T11:00:00,167.88,39.78,106.41,66.29,38.4,18.72,32.5,88.2,0,0.0
349,1,2026-08-18T12:00:00,218.6,42.41,107.66,61.89,35.07,21.53,34.0,98.1,0,0.0
350,1,2026-08-18T13:00:00,219.54,41.87,119.17,53.26,36.29,19.72,34.1,92.6,0,0.0
351,1,2026-08-18T14:00:00,210.54,45.56,107.92,61.31,35.7,16.25,32.7,100.0,0,0.0
352,1,2026-08-18T15:00:00,197.7,43.44,86.95,62.88,34.2,17.38,31.6,100.0,0,0.0
353,1,2026-08-18T16:00:00,240.47,38.02,107.99,59.16,41.21,19.24,31.0,98.4,0,0.0
354,1,2026-08-18T17:00:00,220.24,41.69,86.64,58.11,42.51,18.2,30.4,95.4,0,0.0
355,1,2026-08-18T18:00:00,161.21,25.67,59.59,35.44,25.24,12.65,30.2,75.5,0,0.0
356,1,2026-08-18T19:00:00,132.82,27.08,65.83,44.0,24.03,17.02,29.4,65.9,0,0.0
357,1,2026-08-18T20:00:00,138.43,26.79,65.0,38.84,25.04,12.57,29.7,68.4,0,0.0
358,1,2026-08-18T21:00:00,46.52,9.8,22.0,11.97,8.29,4.01,27.4,21.7,0,0.0
359,1,2026-08-18T22:00:00,38.99,9.13,19.74,12.89,8.74,3.8,28.4,30.5,0,0.0
360,1,2026-08-18T23:00:00,47.24,9.95,22.71,12.34,7.44,3.82,26.3,13.4,0,0.0
361,1,2026-08-19T00:00:00,45.27,8.23,19.5,12.98,7.55,3.9,25.5,25.4,0,0.0
362,1,2026-08-19T01:00:00,38.35,8.38,23.07,11.15,8.75,4.04,27.6,23.5,0,0.0
363,1,2026-08-19T02:00:00,41.34,9.08,18.86,13.35,7.69,4.43,28.7,22.3,0,0.0
364,1,2026-08-19T03:00:00,41.63,8.2,20.07,12.87,7.67,3.45,27.8,25.3,0,0.0
365,1,2026-08-19T04:00:00,52.92,8.97,25.91,12.23,8.35,4.13,31.0,17.6,0,0.0
366,1,2026-08-19T05:00:00,45.54,9.15,21.86,12.72,7.58,4.06,30.9,13.5,0,0.0
367,1,2026-08-19T06:00:00,49.18,9.33,24.15,13.17,7.39,3.97,31.8,20.1,0,0.0
368,1,2026-08-19T07:00:00,149.8,31.41,84.21,39.74,27.58,15.82,30.5,70.2,0,0.0
369,1,2026-08-19T08:00:00,191.72,34.68,94.56,49.15,29.7,17.8,32.6,78.4,0,0.0
370,1,2026-08-19T09:00:00,180.67,43.15,81.35,52.05,37.69,13.87,31.9,80.5,0,0.0
371,1,2026-08-19T10:00:00,240.35,42.53,123.62,59.3,40.08,20.78,34.1,95.8,0,0.0
372,1,2026-08-19T11:00:00,227.42,38.01,107.87,63.66,38.57,18.6,34.2,94.1,0,0.0
373,1,2026-08-19T12:00:00,228.98,44.58,125.78,62.3,39.66,18.69,34.4,91.8,0,0.0
374,1,2026-08-19T13:00:00,206.9,39.05,120.86,62.29,34.62,16.16,32.8,100.0,0,0.0
375,1,2026-08-19T14:00:00,207.31,39.0,108.63,53.5,33.92,21.0,31.3,83.3,0,0.0
376,1,2026-08-19T15:00:00,222.37,39.13,88.61,55.82,36.68,19.02,31.3,95.8,0,0.0
377,1,2026-08-19T16:00:00,213.29,41.42,85.97,59.33,38.22,18.46,31.4,84.3,0,0.0
378,1,2026-08-19T17:00:00,194.45,36.33,100.22,60.4,40.39,19.86,29.7,91.2,0,0.0
379,1,2026-08-19T18:00:00,132.2,29.33,73.89,34.85,27.13,12.44,29.1,61.4,0,0.0
380,1,2026-08-19T19:00:00,125.47,30.21,69.69,37.2,25.44,12.07,30.3,68.2,0,0.0
381,1,2026-08-19T20:00:00,127.97,30.33,56.65,43.47,26.55,12.57,28.8,51.0,0,0.0
382,1,2026-08-19T21:00:00,42.63,9.37,17.76,12.54,7.19,4.08,27.9,13.2,0,0.0
383,1,2026-08-19T22:00:00,38.49,9.11,21.55,11.68,6.67,3.89,28.4,20.7,0,0.0
384,1,2026-08-19T23:00:00,43.54,8.49,17.22,12.15,7.93,4.63,27.2,17.2,0,0.0
385,1,2026-08-20T00:00:00,43.36,9.12,17.47,13.05,7.06,3.89,26.1,17.8,0,0.0
386,1,2026-08-20T01:00:00,37.41,8.97,23.86,12.57,7.28,3.81,28.4,20.1,0,0.0
387,1,2026-08-20T02:00:00,40.9,8.78,19.55,13.56,7.41,4.05,28.1,18.2,0,0.0
388,1,2026-08-20T03:00:00,45.58,8.86,18.42,12.41,9.05,4.32,27.7,20.6,0,0.0
389,1,2026-08-20T04:00:00,44.99,7.85,22.86,9.94,7.13,3.57,30.4,17.2,0,0.0
390,1,2026-08-20T05:00:00,44.87,10.07,22.3,10.65,7.46,3.59,29.5,15.3,0,0.0
391,1,2026-08-20T06:00:00,46.93,9.81,21.64,12.34,7.44,4.12,30.4,14.0,0,0.0
392,1,2026-08-20T07:00:00,158.16,28.92,67.04,43.71,27.89,13.98,31.4,73.3,0,0.0
393,1,2026-08-20T08:00:00,182.76,37.62,92.71,44.34,27.88,16.63,33.5,77.0,0,0.0
394,1,2026-08-20T09:00:00,169.63,35.8,84.12,51.0,25.41,18.09,32.6,80.2,0,0.0
395,1,2026-08-20T10:00:00,203.16,39.94,123.89,55.14,41.94,20.29,32.3,100.0,0,0.0
396,1,2026-08-20T11:00:00,223.83,45.04,108.57,67.66,34.37,18.59,34.1,91.5,0,0.0
397,1,2026-08-20T12:00:00,218.17,38.47,112.61,56.48,32.93,16.08,32.5,94.3,0,0.0
398,1,2026-08-20T13:00:00,204.71,47.99,103.69,57.81,39.21,17.67,32.1,84.6,0,0.0
399,1,2026-08-20T14:00:00,228.49,38.67,118.59,64.2,34.88,19.13,33.2,88.6,0,0.0
400,1,2026-08-20T15:00:00,189.12,41.27,94.03,50.03,31.91,18.78,30.1,95.4,0,0.0
401,1,2026-08-20T16:00:00,219.15,33.19,113.95,60.19,39.93,18.65,31.6,92.4,0,0.0
402,1,2026-08-20T17:00:00,220.13,44.14,99.4,57.76,33.98,18.12,31.5,89.3,0,0.0
403,1,2026-08-20T18:00:00,159.3,25.86,58.71,39.91,24.94,13.98,29.6,66.4,0,0.0
404,1,2026-08-20T19:00:00,153.09,27.67,66.02,40.07,25.94,14.4,27.5,57.7,0,0.0
405,1,2026-08-20T20:00:00,145.86,27.23,63.11,37.31,23.11,13.55,27.6,72.6,0,0.0
406,1,2026-08-20T21:00:00,47.6,8.64,23.42,13.55,7.97,4.25,27.9,21.0,0,0.0
407,1,2026-08-20T22:00:00,46.08,8.92,21.57,12.44,8.17,4.39,27.3,17.1,0,0.0
408,1,2026-08-20T23:00:00,39.12,8.91,18.92,14.06,7.76,3.9,27.4,14.1,0,0.0
409,1,2026-08-21T00:00:00,42.86,9.38,21.04,13.45,7.51,4.35,28.2,15.1,0,0.0
410,1,2026-08-21T01:00:00,46.56,8.55,18.48,11.64,7.01,3.91,27.2,18.0,0,0.0
411,1,2026-08-21T02:00:00,46.15,9.37,20.83,12.04,9.29,3.58,27.7,26.0,0,0.0
412,1,2026-08-21T03:00:00,45.77,8.14,22.64,12.58,8.1,3.63,29.1,19.7,0,0.0
413,1,2026-08-21T04:00:00,48.9,8.78,21.24,12.62,9.09,3.56,29.0,18.5,0,0.0
414,1,2026-08-21T05:00:00,48.81,10.3,20.4,10.67,8.33,4.38,30.4,14.3,0,0.0
415,1,2026-08-21T06:00:00,46.57,8.8,20.92,12.2,7.96,4.18,29.6,21.4,0,0.0
416,1,2026-08-21T07:00:00,158.71,32.28,84.78,41.51,25.83,13.55,31.6,74.5,0,0.0
417,1,2026-08-21T08:00:00,165.97,35.23,97.65,48.88,34.47,14.11,32.3,79.6,0,0.0
418,1,2026-08-21T09:00:00,196.76,39.63,89.79,58.49,28.5,16.73,32.4,80.6,0,0.0
419,1,2026-08-21T10:00:00,236.22,40.6,118.45,55.71,36.3,21.99,33.3,86.5,0,0.0
420,1,2026-08-21T11:00:00,191.09,43.53,135.16,59.57,38.56,17.63,33.9,92.8,0,0.0
421,1,2026-08-21T12:00:00,206.93,49.97,110.96,51.33,39.57,19.5,32.7,92.8,0,0.0
422,1,2026-08-21T13:00:00,230.2,42.28,123.8,63.53,37.07,19.03,33.2,79.8,0,0.0
423,1,2026-08-21T14:00:00,201.73,47.01,103.04,55.74,39.3,20.36,31.2,93.6,0,0.0
424,1,2026-08-21T15:00:00,198.24,43.02,111.92,60.21,35.3,17.74,31.4,88.5,0,0.0
425,1,2026-08-21T16:00:00,226.69,48.29,112.26,58.16,35.94,18.49,31.5,88.0,0,0.0
426,1,2026-08-21T17:00:00,224.56,44.74,97.02,63.6,33.06,18.27,30.0,95.2,0,0.0
427,1,2026-08-21T18:00:00,139.25,32.84,72.69,34.28,27.12,11.83,29.2,59.2,0,0.0
428,1,2026-08-21T19:00:00,129.03,27.64,72.03,36.38,26.17,13.79,29.9,65.9,0,0.0
429,1,2026-08-21T20:00:00,134.19,27.28,69.56,42.89,28.15,13.35,28.8,62.9,0,0.0
430,1,2026-08-21T21:00:00,43.99,8.54,20.97,12.45,9.77,3.78,27.2,12.3,0,0.0
431,1,2026-08-21T22:00:00,45.6,9.93,16.86,11.59,8.63,4.09,27.5,19.5,0,0.0
432,1,2026-08-21T23:00:00,41.45,8.86,20.04,13.87,6.87,3.45,27.2,27.2,0,0.0
433,1,2026-08-22T00:00:00,32.49,6.43,17.34,10.48,5.74,2.98,27.3,8.4,0,0.0
434,1,2026-08-22T01:00:00,31.9,6.94,12.69,8.47,6.32,3.17,26.8,14.4,0,0.0
435,1,2026-08-22T02:00:00,35.71,6.8,15.51,7.8,6.99,2.84,26.7,16.3,0,0.0
436,1,2026-08-22T03:00:00,32.8,6.02,15.74,10.14,6.29,2.82,27.9,17.3,0,0.0
437,1,2026-08-22T04:00:00,35.59,6.96,14.59,8.72,5.7,3.22,30.2,19.8,0,0.0
438,1,2026-08-22T05:00:00,35.37,6.45,16.93,9.66,6.51,2.48,30.7,22.4,0,0.0
439,1,2026-08-22T06:00:00,28.88,7.47,17.26,7.67,6.14,2.73,29.8,16.0,0,0.0
440,1,2026-08-22T07:00:00,35.67,6.3,15.03,8.67,5.59,3.18,31.7,21.6,0,0.0
441,1,2026-08-22T08:00:00,62.67,13.64,34.66,19.15,13.16,6.61,33.1,25.9,0,0.0
442,1,2026-08-22T09:00:00,59.61,12.58,39.04,17.43,12.85,6.0,33.2,27.8,0,0.0
443,1,2026-08-22T10:00:00,56.41,12.47,40.95,18.63,11.56,5.14,32.0,34.9,0,0.0
444,1,2026-08-22T11:00:00,60.71,15.08,30.59,18.89,10.98,6.77,32.8,24.8,0,0.0
445,1,2026-08-22T12:00:00,63.44,14.23,35.3,15.35,13.12,5.64,32.2,29.0,0,0.0
446,1,2026-08-22T13:00:00,133.71,14.02,33.3,18.35,11.54,6.16,34.0,25.2,1,0.0
447,1,2026-08-22T14:00:00,62.71,15.11,31.9,19.26,11.77,6.02,31.8,24.8,0,0.0
448,1,2026-08-22T15:00:00,60.08,14.43,32.24,18.21,11.69,5.78,31.8,22.2,0,0.0
449,1,2026-08-22T16:00:00,59.88,14.14,30.0,19.36,12.35,5.65,31.6,32.7,0,0.0
450,1,2026-08-22T17:00:00,63.45,13.52,34.15,21.86,12.42,6.67,28.9,39.0,0,0.0
451,1,2026-08-22T18:00:00,33.38,7.79,15.74,9.4,4.96,2.78,29.0,11.0,0,0.0
452,1,2026-08-22T19:00:00,29.54,6.89,15.76,8.34,5.7,2.76,28.3,7.5,0,0.0
453,1,2026-08-22T20:00:00,33.67,6.88,13.99,9.25,6.06,3.0,27.9,15.1,0,0.0
454,1,2026-08-22T21:00:00,40.48,6.41,14.7,9.89,5.5,2.99,29.0,13.1,0,0.0
455,1,2026-08-22T22:00:00,34.16,6.65,15.8,8.95,6.38,2.88,27.7,13.0,0,0.0
456,1,2026-08-22T23:00:00,31.52,6.95,14.38,9.49,6.36,3.41,28.0,12.1,0,0.0
457,1,2026-08-23T00:00:00,31.55,6.6,13.59,8.78,6.6,3.05,28.7,6.6,0,0.0
458,1,2026-08-23T01:00:00,32.29,6.88,14.79,9.21,6.13,2.49,28.3,3.1,0,0.0
459,1,2026-08-23T02:00:00,31.29,6.81,16.23,9.05,6.91,3.0,27.6,17.2,0,0.0
460,1,2026-08-23T03:00:00,28.65,7.66,16.08,8.95,5.38,2.93,27.8,27.0,0,0.0
461,1,2026-08-23T04:00:00,27.71,6.49,15.76,10.45,6.23,3.05,28.5,18.6,0,0.0
462,1,2026-08-23T05:00:00,31.96,6.11,17.53,8.76,5.66,3.03,29.7,8.8,0,0.0
463,1,2026-08-23T06:00:00,33.8,6.09,13.09,9.4,6.77,2.31,31.7,15.8,0,0.0
464,1,2026-08-23T07:00:00,31.92,6.16,16.88,9.18,6.17,2.73,32.1,13.5,0,0.0
465,1,2026-08-23T08:00:00,70.98,13.91,37.61,18.26,10.58,6.33,31.2,30.3,0,0.0
466,1,2026-08-23T09:00:00,63.72,14.72,34.24,20.47,12.09,5.65,32.0,26.9,0,0.0
467,1,2026-08-23T10:00:00,66.03,14.17,31.12,20.7,11.89,6.43,32.4,34.8,0,0.0
468,1,2026-08-23T11:00:00,68.4,13.91,36.03,20.18,11.61,6.26,33.1,29.3,0,0.0
469,1,2026-08-23T12:00:00,62.91,13.32,41.32,18.52,10.48,6.09,33.1,25.9,0,0.0
470,1,2026-08-23T13:00:00,63.4,12.37,33.63,18.11,12.43,5.64,31.6,26.0,0,0.0
471,1,2026-08-23T14:00:00,70.31,13.57,36.01,18.12,12.48,6.83,31.7,20.5,0,0.0
472,1,2026-08-23T15:00:00,72.56,14.78,36.39,20.9,11.12,5.22,31.8,30.6,0,0.0
473,1,2026-08-23T16:00:00,62.69,15.2,32.72,17.99,12.86,5.65,31.4,36.0,0,0.0
474,1,2026-08-23T17:00:00,61.53,14.32,31.33,19.51,11.67,5.92,28.6,37.1,0,0.0
475,1,2026-08-23T18:00:00,35.84,6.63,14.43,10.05,6.48,3.02,29.1,16.0,0,0.0
476,1,2026-08-23T19:00:00,29.15,6.97,14.88,9.01,6.11,3.45,28.3,19.0,0,0.0
477,1,2026-08-23T20:00:00,32.82,7.06,14.9,8.99,5.98,2.72,27.7,6.4,0,0.0
478,1,2026-08-23T21:00:00,34.85,6.64,14.41,9.02,6.06,2.75,27.2,6.5,0,0.0
479,1,2026-08-23T22:00:00,35.67,7.23,13.93,9.15,4.81,2.95,26.7,12.0,0,0.0
480,1,2026-08-23T23:00:00,30.85,6.39,13.52,8.95,5.74,2.83,26.1,20.1,0,0.0
481,1,2026-08-24T00:00:00,40.42,9.0,19.72,13.24,9.18,4.17,27.3,16.3,0,0.0
482,1,2026-08-24T01:00:00,44.09,9.04,21.5,12.03,8.68,3.94,27.2,23.5,0,0.0
483,1,2026-08-24T02:00:00,44.15,10.01,18.77,12.03,8.54,3.76,28.6,23.1,0,0.0
484,1,2026-08-24T03:00:00,47.67,7.98,20.44,10.23,8.34,3.89,28.4,28.0,0,0.0
485,1,2026-08-24T04:00:00,40.61,8.24,21.56,13.15,7.42,3.94,29.5,26.9,0,0.0
486,1,2026-08-24T05:00:00,44.64,9.34,20.31,12.26,8.41,3.89,30.0,12.1,0,0.0
487,1,2026-08-24T06:00:00,46.0,6.59,21.19,13.12,8.69,3.45,30.8,22.0,0,0.0
488,1,2026-08-24T07:00:00,174.78,32.73,86.75,45.47,30.27,14.76,30.7,79.0,0,0.0
489,1,2026-08-24T08:00:00,142.4,30.86,88.82,43.7,30.35,14.98,32.7,73.7,0,0.0
490,1,2026-08-24T09:00:00,181.89,33.74,97.37,49.1,31.08,15.2,31.2,86.3,0,0.0
491,1,2026-08-24T10:00:00,219.31,49.53,118.97,65.62,40.01,19.7,34.7,92.4,0,0.0
492,1,2026-08-24T11:00:00,224.42,46.87,119.57,62.19,41.92,19.44,33.8,95.1,0,0.0
493,1,2026-08-24T12:00:00,190.43,44.0,110.16,60.37,38.73,16.42,33.0,87.2,0,0.0
494,1,2026-08-24T13:00:00,208.55,41.04,106.66,53.12,38.41,19.47,33.7,100.0,0,0.0
495,1,2026-08-24T14:00:00,181.71,39.76,105.23,60.06,36.93,21.15,32.4,100.0,0,0.0
496,1,2026-08-24T15:00:00,210.65,45.66,102.07,56.01,39.09,18.87,30.6,91.0,0,0.0
497,1,2026-08-24T16:00:00,176.66,45.31,112.13,60.05,37.33,18.96,31.6,95.1,0,0.0
498,1,2026-08-24T17:00:00,196.55,40.26,114.87,59.99,38.37,18.6,29.4,87.8,0,0.0
499,1,2026-08-24T18:00:00,140.26,27.9,58.76,40.36,24.61,12.68,28.4,63.1,0,0.0
500,1,2026-08-24T19:00:00,142.38,31.83,71.81,45.07,26.71,14.1,28.1,68.8,0,0.0
501,1,2026-08-24T20:00:00,128.65,31.63,64.17,37.94,24.1,15.17,28.4,70.0,0,0.0
502,1,2026-08-24T21:00:00,47.96,9.34,22.29,13.26,8.76,4.31,27.6,18.0,0,0.0
503,1,2026-08-24T22:00:00,48.05,9.26,19.75,12.68,8.49,4.76,26.2,15.7,0,0.0
504,1,2026-08-24T23:00:00,47.24,10.01,20.52,13.53,8.01,4.23,28.0,27.5,0,0.0
505,1,2026-08-25T00:00:00,44.84,7.72,18.7,13.26,7.33,4.1,26.6,22.7,0,0.0
506,1,2026-08-25T01:00:00,45.85,9.5,21.51,12.39,7.67,4.28,26.7,19.8,0,0.0
507,1,2026-08-25T02:00:00,48.32,8.81,19.47,11.06,7.59,4.07,26.8,8.6,0,0.0
508,1,2026-08-25T03:00:00,52.99,8.9,17.98,13.36,8.86,2.99,28.3,18.3,0,0.0
509,1,2026-08-25T04:00:00,46.82,8.01,20.72,12.24,8.43,3.93,28.9,26.3,0,0.0
510,1,2026-08-25T05:00:00,41.22,9.53,21.41,12.62,8.39,3.8,28.2,18.2,0,0.0
511,1,2026-08-25T06:00:00,42.57,7.74,24.51,11.6,7.81,4.28,30.8,28.3,0,0.0
512,1,2026-08-25T07:00:00,139.0,28.22,73.28,41.75,27.65,14.33,31.0,70.8,0,0.0
513,1,2026-08-25T08:00:00,152.9,32.34,74.39,50.25,31.18,14.07,32.1,69.4,0,0.0
514,1,2026-08-25T09:00:00,177.75,35.59,97.12,50.68,30.59,15.1,33.9,79.9,0,0.0
515,1,2026-08-25T10:00:00,217.46,42.68,104.8,61.02,35.85,18.62,34.0,99.9,0,0.0
516,1,2026-08-25T11:00:00,214.12,44.81,121.95,60.35,41.09,19.12,33.1,92.4,0,0.0
517,1,2026-08-25T12:00:00,225.04,39.03,110.88,56.36,34.3,19.01,33.4,96.9,0,0.0
518,1,2026-08-25T13:00:00,194.43,44.21,122.6,62.65,35.51,18.12,32.6,100.0,0,0.0
519,1,2026-08-25T14:00:00,211.16,43.43,91.49,49.34,36.4,21.7,32.7,97.6,0,0.0
520,1,2026-08-25T15:00:00,224.38,45.55,110.12,57.06,44.98,21.74,31.6,90.5,0,0.0
521,1,2026-08-25T16:00:00,206.49,43.08,111.19,62.22,40.06,18.0,30.7,94.2,0,0.0
522,1,2026-08-25T17:00:00,207.12,42.12,98.39,56.32,37.81,17.05,29.3,91.3,0,0.0
523,1,2026-08-25T18:00:00,144.89,30.37,70.32,35.96,28.87,14.03,29.6,65.3,0,0.0
524,1,2026-08-25T19:00:00,165.17,26.74,65.53,39.82,28.03,13.12,28.2,69.9,0,0.0
525,1,2026-08-25T20:00:00,142.23,31.79,68.87,37.35,26.95,10.71,28.1,68.0,0,0.0
526,1,2026-08-25T21:00:00,44.36,9.55,19.01,13.26,8.33,3.73,27.9,25.6,0,0.0
527,1,2026-08-25T22:00:00,53.7,7.95,20.64,11.11,8.97,4.03,27.2,18.9,0,0.0
528,1,2026-08-25T23:00:00,43.03,9.37,21.65,11.53,8.53,4.43,26.3,18.3,0,0.0
529,1,2026-08-26T00:00:00,42.21,8.65,22.21,14.56,8.48,3.79,26.5,19.1,0,0.0
530,1,2026-08-26T01:00:00,47.36,8.16,20.69,11.75,7.78,4.7,27.8,32.4,0,0.0
531,1,2026-08-26T02:00:00,43.7,8.38,21.08,11.97,6.54,4.21,28.1,23.0,0,0.0
532,1,2026-08-26T03:00:00,40.11,9.41,22.0,11.7,7.41,4.62,29.2,15.7,0,0.0
533,1,2026-08-26T04:00:00,42.85,8.01,21.91,12.79,8.07,3.96,29.6,26.4,0,0.0
534,1,2026-08-26T05:00:00,46.54,9.12,19.66,13.57,7.25,3.6,29.9,15.2,0,0.0
535,1,2026-08-26T06:00:00,48.9,9.25,21.7,12.89,9.07,4.25,29.5,20.4,0,0.0
536,1,2026-08-26T07:00:00,164.54,28.25,75.51,42.12,33.85,14.87,30.2,65.7,0,0.0
537,1,2026-08-26T08:00:00,178.01,31.12,83.01,47.11,29.78,14.36,31.5,81.3,0,0.0
538,1,2026-08-26T09:00:00,157.12,35.59,102.1,44.69,29.22,16.18,32.3,78.7,0,0.0
539,1,2026-08-26T10:00:00,208.47,42.26,114.4,52.91,33.73,20.2,33.7,96.3,0,0.0
540,1,2026-08-26T11:00:00,217.52,42.0,101.26,60.09,37.23,18.16,32.3,94.7,0,0.0
541,1,2026-08-26T12:00:00,192.93,40.74,125.16,64.24,42.34,20.04,33.1,98.9,0,0.0
542,1,2026-08-26T13:00:00,212.19,43.48,107.36,55.82,35.79,17.81,31.9,84.8,0,0.0
543,1,2026-08-26T14:00:00,183.51,45.91,117.49,62.28,35.59,16.99,32.3,100.0,0,0.0
544,1,2026-08-26T15:00:00,206.01,40.44,89.04,64.39,41.34,18.53,29.3,92.6,0,0.0
545,1,2026-08-26T16:00:00,201.29,39.06,98.64,60.86,38.39,18.47,30.9,93.2,0,0.0
546,1,2026-08-26T17:00:00,217.28,39.37,102.15,64.12,40.34,22.14,30.2,95.4,0,0.0
547,1,2026-08-26T18:00:00,158.21,28.22,65.33,41.0,24.74,11.62,29.1,63.0,0,0.0
548,1,2026-08-26T19:00:00,135.44,30.3,68.82,44.07,29.97,12.01,26.9,56.7,0,0.0
549,1,2026-08-26T20:00:00,167.55,26.41,61.55,41.31,24.66,12.5,27.1,58.7,0,0.0
550,1,2026-08-26T21:00:00,41.86,9.34,16.57,11.31,8.45,3.79,27.3,23.6,0,0.0
551,1,2026-08-26T22:00:00,45.53,8.46,19.57,12.91,7.83,3.62,27.7,19.0,0,0.0
552,1,2026-08-26T23:00:00,39.43,8.93,19.52,11.01,8.73,3.72,26.4,9.2,0,0.0
553,1,2026-08-27T00:00:00,43.75,8.98,19.02,13.51,8.6,4.28,27.5,24.7,0,0.0
554,1,2026-08-27T01:00:00,43.39,7.06,20.73,13.63,7.54,4.07,26.0,20.0,0,0.0
555,1,2026-08-27T02:00:00,42.75,9.33,21.6,8.89,7.51,3.58,27.3,17.4,0,0.0
556,1,2026-08-27T03:00:00,44.17,8.97,20.78,11.58,7.43,4.49,28.8,20.3,0,0.0
557,1,2026-08-27T04:00:00,48.75,9.57,21.02,12.51,7.72,3.67,28.3,10.2,0,0.0
558,1,2026-08-27T05:00:00,39.15,8.85,18.94,10.9,7.44,4.07,30.1,14.9,0,0.0
559,1,2026-08-27T06:00:00,37.32,8.89,21.46,11.55,7.57,3.77,30.4,11.8,0,0.0
560,1,2026-08-27T07:00:00,146.55,31.14,79.53,44.26,31.13,14.8,31.8,64.6,0,0.0
561,1,2026-08-27T08:00:00,176.35,34.38,83.26,40.69,29.76,13.79,31.0,78.0,0,0.0
562,1,2026-08-27T09:00:00,191.39,39.27,94.47,52.89,35.42,16.49,32.4,69.1,0,0.0
563,1,2026-08-27T10:00:00,210.3,40.19,105.21,58.9,42.38,16.4,32.5,93.7,0,0.0
564,1,2026-08-27T11:00:00,235.55,46.82,128.34,56.21,41.28,16.67,33.7,97.0,0,0.0
565,1,2026-08-27T12:00:00,208.79,44.75,106.74,53.06,40.91,20.77,32.6,96.7,0,0.0
566,1,2026-08-27T13:00:00,196.83,44.77,101.74,68.1,37.14,18.78,31.9,99.3,0,0.0
567,1,2026-08-27T14:00:00,212.02,39.88,106.99,59.72,35.38,19.38,31.5,99.5,0,0.0
568,1,2026-08-27T15:00:00,217.4,44.79,104.03,62.35,41.78,18.13,31.0,99.6,0,0.0
569,1,2026-08-27T16:00:00,222.76,43.71,107.92,59.87,36.29,17.32,31.1,91.2,0,0.0
570,1,2026-08-27T17:00:00,186.79,37.79,97.26,66.93,36.95,14.99,30.4,92.2,0,0.0
571,1,2026-08-27T18:00:00,130.2,29.76,71.55,33.62,23.75,12.34,29.0,57.8,0,0.0
572,1,2026-08-27T19:00:00,144.79,28.03,68.93,36.88,27.77,12.52,27.7,58.0,0,0.0
573,1,2026-08-27T20:00:00,120.03,31.34,70.09,40.99,24.62,13.85,28.0,72.5,0,0.0
574,1,2026-08-27T21:00:00,42.88,9.93,20.96,10.79,7.57,4.1,26.8,14.0,0,0.0
575,1,2026-08-27T22:00:00,46.12,9.44,15.72,11.61,7.56,4.17,26.2,13.8,0,0.0
576,1,2026-08-27T23:00:00,40.32,8.75,18.68,12.2,7.87,4.38,26.9,17.3,0,0.0
577,1,2026-08-28T00:00:00,44.4,10.61,17.03,11.77,8.72,4.14,25.7,21.0,0,0.0
578,1,2026-08-28T01:00:00,38.44,9.71,17.47,12.45,8.99,4.53,27.6,13.0,0,0.0
579,1,2026-08-28T02:00:00,43.95,9.6,20.95,13.38,7.35,4.16,27.5,27.1,0,0.0
580,1,2026-08-28T03:00:00,48.18,9.82,18.52,14.64,6.33,3.92,27.7,21.8,0,0.0
581,1,2026-08-28T04:00:00,44.53,9.67,23.37,12.99,7.45,4.47,31.2,22.6,0,0.0
582,1,2026-08-28T05:00:00,41.0,8.31,22.22,11.86,7.81,3.87,30.0,24.5,0,0.0
583,1,2026-08-28T06:00:00,46.99,10.09,20.07,12.5,6.91,4.1,29.7,17.6,0,0.0
584,1,2026-08-28T07:00:00,153.71,28.64,82.26,43.67,27.54,10.86,32.3,75.9,0,0.0
585,1,2026-08-28T08:00:00,174.6,32.02,76.49,48.29,28.0,15.61,32.8,80.4,0,0.0
586,1,2026-08-28T09:00:00,171.05,33.38,93.82,54.57,27.62,16.13,31.4,85.9,0,0.0
587,1,2026-08-28T10:00:00,220.17,41.14,119.06,58.07,37.58,16.69,31.7,95.9,0,0.0
588,1,2026-08-28T11:00:00,230.11,43.05,130.6,58.06,36.8,19.5,33.5,93.6,0,0.0
589,1,2026-08-28T12:00:00,213.74,39.92,117.11,62.05,38.78,20.32,31.3,96.5,0,0.0
590,1,2026-08-28T13:00:00,190.49,46.89,96.47,60.37,31.2,19.37,32.4,91.1,0,0.0
591,1,2026-08-28T14:00:00,217.33,44.21,113.04,52.89,41.19,19.24,33.5,96.4,0,0.0
592,1,2026-08-28T15:00:00,207.16,42.52,110.51,60.8,32.07,18.86,32.6,97.6,0,0.0
593,1,2026-08-28T16:00:00,420.1,41.68,306.38,60.78,36.54,16.39,30.1,98.0,1,0.6091
594,1,2026-08-28T17:00:00,219.52,41.81,123.07,61.7,42.0,20.26,29.7,86.4,0,0.0
595,1,2026-08-28T18:00:00,131.19,31.92,62.1,35.91,27.36,13.19,28.9,63.6,0,0.0
596,1,2026-08-28T19:00:00,164.08,30.1,58.64,41.12,20.99,13.67,28.0,63.3,0,0.0
597,1,2026-08-28T20:00:00,132.6,33.31,58.95,39.65,25.1,12.33,27.2,67.9,0,0.0
598,1,2026-08-28T21:00:00,42.34,8.18,18.35,12.22,8.49,3.85,25.1,16.7,0,0.0
599,1,2026-08-28T22:00:00,50.29,8.52,18.28,11.84,7.78,3.74,26.6,12.4,0,0.0
600,1,2026-08-28T23:00:00,43.34,9.01,19.71,12.53,8.24,3.67,25.5,23.2,0,0.0
601,1,2026-08-29T00:00:00,30.74,6.62,14.85,9.5,5.88,2.58,26.4,9.1,0,0.0
602,1,2026-08-29T01:00:00,36.49,6.43,15.34,9.22,5.63,3.03,27.2,7.8,0,0.0
603,1,2026-08-29T02:00:00,31.41,6.57,15.25,9.87,5.9,2.25,27.6,19.7,0,0.0
604,1,2026-08-29T03:00:00,28.98,6.32,15.09,8.73,6.07,3.22,28.2,16.9,0,0.0
605,1,2026-08-29T04:00:00,32.95,6.7,15.89,9.55,6.32,2.73,29.4,19.5,0,0.0
606,1,2026-08-29T05:00:00,35.07,6.9,15.81,9.07,5.65,3.09,30.4,15.4,0,0.0
607,1,2026-08-29T06:00:00,62.12,6.75,43.78,9.32,6.13,2.89,30.2,16.8,1,0.0
608,1,2026-08-29T07:00:00,31.56,5.97,14.78,9.35,6.47,3.07,30.2,8.9,0,0.0
609,1,2026-08-29T08:00:00,66.27,13.1,32.72,18.82,12.83,5.8,33.7,25.4,0,0.0
610,1,2026-08-29T09:00:00,56.15,14.08,26.46,17.78,12.93,6.07,30.8,22.8,0,0.0
611,1,2026-08-29T10:00:00,67.34,12.58,36.74,20.74,13.08,5.87,32.6,31.6,0,0.0
612,1,2026-08-29T11:00:00,59.62,12.81,35.62,20.82,11.07,6.55,31.7,32.4,0,0.0
613,1,2026-08-29T12:00:00,72.1,13.58,25.87,20.14,12.32,6.03,32.1,28.6,0,0.0
614,1,2026-08-29T13:00:00,72.48,13.06,31.7,19.18,12.38,5.04,33.2,24.6,0,0.0
615,1,2026-08-29T14:00:00,66.67,13.98,28.49,19.2,13.43,6.2,32.1,32.2,0,0.0
616,1,2026-08-29T15:00:00,67.4,12.42,32.49,18.85,10.51,6.44,31.7,33.6,0,0.0
617,1,2026-08-29T16:00:00,62.45,13.32,28.4,19.82,13.44,5.41,30.5,42.2,0,0.0
618,1,2026-08-29T17:00:00,64.68,12.96,32.26,16.16,11.28,6.19,29.2,31.9,0,0.0
619,1,2026-08-29T18:00:00,35.07,6.81,12.34,9.94,6.21,3.19,27.7,9.4,0,0.0
620,1,2026-08-29T19:00:00,32.54,7.17,15.66,9.32,6.59,3.19,28.1,11.6,0,0.0
621,1,2026-08-29T20:00:00,28.75,6.67,15.31,10.32,5.51,3.3,27.9,12.4,0,0.0
622,1,2026-08-29T21:00:00,33.39,6.26,16.44,8.98,6.09,3.18,27.5,15.1,0,0.0
623,1,2026-08-29T22:00:00,35.18,6.66,13.55,10.26,5.67,3.04,27.4,7.7,0,0.0
624,1,2026-08-29T23:00:00,34.71,6.8,13.61,7.5,5.7,2.97,26.5,13.7,0,0.0
625,1,2026-08-30T00:00:00,31.29,6.59,13.76,10.46,6.01,2.97,26.2,3.6,0,0.0
626,1,2026-08-30T01:00:00,37.14,6.04,16.73,10.35,5.89,2.93,27.5,18.0,0,0.0
627,1,2026-08-30T02:00:00,30.9,5.66,14.6,9.6,5.93,2.88,27.1,17.5,0,0.0
628,1,2026-08-30T03:00:00,33.55,6.9,16.52,10.65,5.54,3.25,27.1,21.0,0,0.0
629,1,2026-08-30T04:00:00,27.69,6.86,16.12,10.12,6.24,3.16,27.3,10.6,0,0.0
630,1,2026-08-30T05:00:00,35.13,6.18,14.18,8.5,5.57,3.31,29.9,26.6,0,0.0
631,1,2026-08-30T06:00:00,32.11,6.19,12.03,9.47,5.23,2.93,30.5,23.0,0,0.0
632,1,2026-08-30T07:00:00,31.02,6.58,14.17,8.55,5.77,2.98,31.0,14.8,0,0.0
633,1,2026-08-30T08:00:00,65.81,13.26,34.42,18.21,10.92,6.26,31.9,21.1,0,0.0
634,1,2026-08-30T09:00:00,67.15,13.32,38.24,18.79,12.49,5.8,31.5,36.9,0,0.0
635,1,2026-08-30T10:00:00,69.26,13.26,34.24,15.79,12.0,5.21,33.2,32.4,0,0.0
636,1,2026-08-30T11:00:00,62.17,11.91,33.56,19.81,10.73,6.92,33.1,34.5,0,0.0
637,1,2026-08-30T12:00:00,67.18,12.99,33.97,22.17,10.35,6.05,32.3,28.0,0,0.0
638,1,2026-08-30T13:00:00,60.14,13.16,39.8,17.85,12.35,5.56,33.1,35.2,0,0.0
639,1,2026-08-30T14:00:00,68.45,16.42,37.48,19.56,12.76,6.02,31.3,32.4,0,0.0
640,1,2026-08-30T15:00:00,67.68,12.73,32.65,18.34,11.98,5.77,29.1,33.2,0,0.0
641,1,2026-08-30T16:00:00,62.15,13.41,30.41,20.02,11.52,5.82,30.0,22.7,0,0.0
642,1,2026-08-30T17:00:00,65.1,11.1,32.6,15.19,12.82,6.93,28.9,34.2,0,0.0
643,1,2026-08-30T18:00:00,33.28,7.03,14.37,11.11,6.3,2.91,28.4,9.5,0,0.0
644,1,2026-08-30T19:00:00,30.74,6.68,14.4,11.19,5.75,2.85,28.7,19.4,0,0.0
645,1,2026-08-30T20:00:00,31.27,6.5,15.45,8.91,6.65,2.81,27.0,17.4,0,0.0
646,1,2026-08-30T21:00:00,31.14,6.91,14.1,7.95,5.62,3.29,26.5,21.5,0,0.0
647,1,2026-08-30T22:00:00,34.81,6.9,16.85,9.07,6.43,2.86,26.9,15.8,0,0.0
648,1,2026-08-30T23:00:00,31.09,6.0,17.09,9.06,5.75,3.1,27.6,18.0,0,0.0
649,1,2026-08-31T00:00:00,44.79,8.93,19.73,13.03,7.84,3.88,27.2,24.2,0,0.0
650,1,2026-08-31T01:00:00,47.14,9.48,18.67,14.52,7.38,4.22,26.1,24.4,0,0.0
651,1,2026-08-31T02:00:00,44.3,8.22,21.2,12.26,7.8,3.81,27.3,31.6,0,0.0
652,1,2026-08-31T03:00:00,43.44,9.39,17.3,11.54,7.09,3.92,29.0,9.3,0,0.0
653,1,2026-08-31T04:00:00,47.42,9.11,18.23,13.5,7.73,4.43,29.3,22.4,0,0.0
654,1,2026-08-31T05:00:00,42.75,8.81,20.45,12.61,7.33,3.94,28.9,18.1,0,0.0
655,1,2026-08-31T06:00:00,43.83,8.63,17.94,10.94,8.51,4.38,29.7,27.9,0,0.0
656,1,2026-08-31T07:00:00,162.69,30.73,66.0,51.09,28.68,13.83,30.4,64.6,0,0.0
657,1,2026-08-31T08:00:00,163.89,36.4,95.58,37.23,25.46,16.02,33.0,80.1,0,0.0
658,1,2026-08-31T09:00:00,180.95,38.95,108.24,40.98,37.95,16.02,32.5,77.8,0,0.0
659,1,2026-08-31T10:00:00,228.97,40.9,92.22,56.35,38.05,19.58,30.8,99.5,0,0.0
660,1,2026-08-31T11:00:00,207.37,41.36,113.64,55.44,34.84,19.1,32.2,95.1,0,0.0
661,1,2026-08-31T12:00:00,250.66,40.53,97.24,60.08,40.47,16.68,32.2,95.4,0,0.0
662,1,2026-08-31T13:00:00,217.43,38.24,112.34,58.84,37.89,16.2,32.0,91.0,0,0.0
663,1,2026-08-31T14:00:00,195.31,39.74,112.32,62.76,32.77,19.27,30.9,96.5,0,0.0
664,1,2026-08-31T15:00:00,240.08,46.4,105.71,62.12,32.14,18.22,30.2,98.3,0,0.0
665,1,2026-08-31T16:00:00,201.74,45.95,96.06,55.92,42.21,16.03,28.4,92.2,0,0.0
666,1,2026-08-31T17:00:00,186.49,45.3,96.68,52.29,41.3,19.11,30.0,94.3,0,0.0
667,1,2026-08-31T18:00:00,141.74,30.06,58.27,46.28,26.96,13.12,27.9,68.2,0,0.0
668,1,2026-08-31T19:00:00,133.49,28.01,59.95,39.66,22.68,13.87,28.8,68.6,0,0.0
669,1,2026-08-31T20:00:00,152.77,32.53,61.38,40.66,23.51,14.08,28.6,60.7,0,0.0
670,1,2026-08-31T21:00:00,40.79,10.4,22.66,12.73,8.22,4.14,26.9,22.8,0,0.0
671,1,2026-08-31T22:00:00,45.32,9.58,18.79,10.78,8.98,4.0,26.8,18.5,0,0.0
672,1,2026-08-31T23:00:00,47.92,9.27,20.54,12.58,8.0,3.73,27.5,12.7,0,0.0
673,1,2026-09-01T00:00:00,36.25,9.25,20.62,12.03,7.83,4.43,26.8,10.2,0,0.0
674,1,2026-09-01T01:00:00,42.97,9.93,17.24,12.39,8.04,4.34,27.5,23.8,0,0.0
675,1,2026-09-01T02:00:00,44.22,8.55,19.12,14.49,6.32,4.18,27.8,22.0,0,0.0
676,1,2026-09-01T03:00:00,43.85,8.88,18.36,11.83,8.39,3.81,26.6,23.9,0,0.0
677,1,2026-09-01T04:00:00,46.47,9.25,21.19,12.35,8.27,4.04,28.7,12.2,0,0.0
678,1,2026-09-01T05:00:00,43.64,8.63,21.68,12.94,7.55,4.34,29.1,19.2,0,0.0
679,1,2026-09-01T06:00:00,43.03,8.31,21.23,12.75,8.39,3.91,29.5,17.2,0,0.0
680,1,2026-09-01T07:00:00,153.89,32.21,71.17,45.33,29.07,12.79,31.8,73.9,0,0.0
681,1,2026-09-01T08:00:00,182.93,36.83,106.55,50.5,28.29,15.61,32.9,74.8,0,0.0
682,1,2026-09-01T09:00:00,156.75,41.03,91.52,44.5,31.35,15.2,32.6,76.0,0,0.0
683,1,2026-09-01T10:00:00,212.44,41.13,99.26,59.27,38.16,18.99,31.2,100.0,0,0.0
684,1,2026-09-01T11:00:00,202.51,34.52,112.59,59.48,34.45,17.3,32.1,100.0,0,0.0
685,1,2026-09-01T12:00:00,228.1,36.72,125.8,62.54,38.59,19.67,32.9,100.0,0,0.0
686,1,2026-09-01T13:00:00,209.8,42.5,113.28,54.33,38.74,15.94,31.3,99.7,0,0.0
687,1,2026-09-01T14:00:00,218.7,40.38,103.23,59.21,32.35,18.22,31.0,100.0,0,0.0
688,1,2026-09-01T15:00:00,209.48,38.27,99.12,59.08,35.97,18.22,30.4,89.0,0,0.0
689,1,2026-09-01T16:00:00,213.95,41.89,89.32,62.37,42.14,16.48,28.6,100.0,0,0.0
690,1,2026-09-01T17:00:00,212.61,41.95,102.75,55.17,37.96,20.08,29.3,92.1,0,0.0
691,1,2026-09-01T18:00:00,149.04,32.63,62.72,44.12,26.05,11.09,29.2,59.0,0,0.0
692,1,2026-09-01T19:00:00,146.9,30.39,70.27,40.65,21.97,10.96,28.5,60.5,0,0.0
693,1,2026-09-01T20:00:00,160.56,31.19,69.34,40.02,23.91,13.17,27.1,62.9,0,0.0
694,1,2026-09-01T21:00:00,41.16,8.55,19.93,11.5,7.54,3.65,26.4,22.3,0,0.0
695,1,2026-09-01T22:00:00,38.93,9.71,18.53,12.22,10.04,3.81,27.3,22.1,0,0.0
696,1,2026-09-01T23:00:00,42.46,9.53,20.99,12.9,9.05,3.78,26.3,20.5,0,0.0
697,1,2026-09-02T00:00:00,39.1,8.88,20.36,11.4,7.59,3.63,26.7,24.0,0,0.0
698,1,2026-09-02T01:00:00,45.73,8.28,22.25,12.58,8.55,4.19,25.4,32.4,0,0.0
699,1,2026-09-02T02:00:00,40.05,8.24,17.66,12.12,8.08,3.59,27.1,17.2,0,0.0
700,1,2026-09-02T03:00:00,43.53,9.73,21.21,13.62,7.79,3.75,27.0,28.6,0,0.0
701,1,2026-09-02T04:00:00,44.94,9.98,21.65,11.12,7.96,3.87,29.0,21.4,0,0.0
702,1,2026-09-02T05:00:00,46.47,9.41,18.89,12.68,7.15,4.18,29.5,20.7,0,0.0
703,1,2026-09-02T06:00:00,46.06,7.52,21.19,11.88,8.99,3.94,30.5,20.1,0,0.0
704,1,2026-09-02T07:00:00,150.02,32.82,86.57,37.87,26.22,13.73,31.0,68.2,0,0.0
705,1,2026-09-02T08:00:00,157.59,32.41,96.65,50.42,32.66,16.4,32.6,64.2,0,0.0
706,1,2026-09-02T09:00:00,171.53,33.59,93.42,51.62,32.8,14.9,32.4,77.5,0,0.0
707,1,2026-09-02T10:00:00,196.73,42.06,113.21,61.2,41.21,18.95,32.2,100.0,0,0.0
708,1,2026-09-02T11:00:00,209.98,34.73,103.56,63.42,34.79,21.6,31.5,86.9,0,0.0
709,1,2026-09-02T12:00:00,229.11,38.7,128.95,60.52,33.41,17.11,31.4,84.9,0,0.0
710,1,2026-09-02T13:00:00,181.54,41.91,99.89,57.58,40.79,19.3,31.4,92.6,0,0.0
711,1,2026-09-02T14:00:00,184.51,42.39,118.46,56.37,40.31,21.38,32.5,100.0,0,0.0
712,1,2026-09-02T15:00:00,220.44,38.74,114.79,55.54,41.77,18.67,30.8,95.7,0,0.0
713,1,2026-09-02T16:00:00,185.84,38.18,97.13,59.78,40.62,21.01,31.1,88.5,0,0.0
714,1,2026-09-02T17:00:00,185.89,37.59,94.28,64.03,39.93,18.66,29.8,95.3,0,0.0
715,1,2026-09-02T18:00:00,148.27,31.17,69.22,38.61,23.63,12.83,29.6,66.9,0,0.0
716,1,2026-09-02T19:00:00,154.54,26.33,69.41,35.52,27.81,13.24,28.3,60.8,0,0.0
717,1,2026-09-02T20:00:00,145.53,27.77,60.66,34.72,26.42,12.43,25.9,66.6,0,0.0
718,1,2026-09-02T21:00:00,38.06,8.52,20.5,14.78,8.82,3.51,28.1,12.2,0,0.0
719,1,2026-09-02T22:00:00,43.62,9.24,20.58,13.28,7.55,4.26,26.9,22.5,0,0.0
720,1,2026-09-02T23:00:00,43.43,9.31,16.53,13.28,7.08,4.37,26.7,25.4,0,0.0
721,1,2026-09-03T00:00:00,50.52,10.04,19.36,13.53,8.86,3.15,26.9,10.4,0,0.0
722,1,2026-09-03T01:00:00,49.18,9.54,19.05,12.7,7.88,3.48,26.4,12.7,0,0.0
723,1,2026-09-03T02:00:00,47.9,9.99,20.65,12.43,7.56,3.8,26.3,12.7,0,0.0
724,1,2026-09-03T03:00:00,38.45,9.46,20.26,12.59,7.77,4.91,27.4,10.8,0,0.0
725,1,2026-09-03T04:00:00,40.58,10.0,21.69,12.1,7.98,3.9,30.4,24.7,0,0.0
726,1,2026-09-03T05:00:00,50.7,8.96,18.72,12.03,6.52,4.12,27.8,18.2,0,0.0
727,1,2026-09-03T06:00:00,47.95,10.05,21.44,12.6,8.9,4.27,29.6,12.9,0,0.0
728,1,2026-09-03T07:00:00,149.51,33.68,70.39,39.57,27.83,14.76,31.3,67.3,0,0.0
729,1,2026-09-03T08:00:00,164.23,32.9,94.44,42.16,30.24,15.52,32.7,77.9,0,0.0
730,1,2026-09-03T09:00:00,178.44,35.63,70.71,54.64,32.66,14.75,32.4,86.2,0,0.0
731,1,2026-09-03T10:00:00,210.81,46.57,109.01,57.1,43.09,19.39,31.2,97.8,0,0.0
732,1,2026-09-03T11:00:00,208.27,42.01,97.81,55.7,41.66,17.58,31.6,92.8,0,0.0
733,1,2026-09-03T12:00:00,222.27,38.06,115.58,58.2,36.08,17.4,33.3,99.1,0,0.0
734,1,2026-09-03T13:00:00,199.39,39.58,128.99,63.23,36.2,20.96,33.3,93.1,0,0.0
735,1,2026-09-03T14:00:00,210.61,37.22,122.09,57.63,37.43,20.9,33.4,93.3,0,0.0
736,1,2026-09-03T15:00:00,214.13,46.37,103.33,60.33,44.76,17.87,30.8,98.4,0,0.0
737,1,2026-09-03T16:00:00,247.95,47.83,118.87,63.8,40.75,18.45,30.9,100.0,0,0.0
738,1,2026-09-03T17:00:00,202.02,47.58,84.89,62.42,36.3,20.53,29.0,100.0,0,0.0
739,1,2026-09-03T18:00:00,131.07,28.3,71.23,37.88,23.99,13.08,28.9,55.9,0,0.0
740,1,2026-09-03T19:00:00,134.99,29.63,68.91,41.04,24.56,12.76,27.1,62.3,0,0.0
741,1,2026-09-03T20:00:00,143.47,27.78,62.95,43.65,27.98,13.32,26.0,67.1,0,0.0
742,1,2026-09-03T21:00:00,40.13,9.1,19.66,12.7,8.17,4.26,27.9,23.3,0,0.0
743,1,2026-09-03T22:00:00,46.9,9.42,19.77,13.16,8.66,4.36,27.3,24.8,0,0.0
744,1,2026-09-03T23:00:00,46.02,9.92,22.61,13.41,7.75,3.54,26.4,22.1,0,0.0
745,2,2026-08-04T00:00:00,42.06,10.1,20.5,11.94,8.42,3.49,27.8,13.8,0,0.0
746,2,2026-08-04T01:00:00,46.7,25.79,21.59,12.81,7.03,4.56,29.3,10.5,1,0.0
747,2,2026-08-04T02:00:00,50.1,7.84,18.68,10.03,7.48,4.15,28.5,21.4,0,0.0
748,2,2026-08-04T03:00:00,50.03,9.05,21.69,12.61,7.64,4.03,30.2,29.6,0,0.0
749,2,2026-08-04T04:00:00,40.6,9.17,22.3,11.84,7.72,4.43,31.0,15.3,0,0.0
750,2,2026-08-04T05:00:00,121.7,10.3,20.4,12.63,7.67,3.78,30.3,22.8,1,0.0
751,2,2026-08-04T06:00:00,34.45,8.8,22.3,11.07,7.5,3.63,31.4,20.5,0,0.0
752,2,2026-08-04T07:00:00,144.83,28.49,82.55,39.73,27.39,13.14,31.7,72.1,0,0.0
753,2,2026-08-04T08:00:00,175.84,32.82,85.74,47.22,32.05,14.92,34.8,74.0,0,0.0
754,2,2026-08-04T09:00:00,184.94,34.58,97.55,52.38,33.96,14.03,33.6,74.2,0,0.0
755,2,2026-08-04T10:00:00,201.61,38.32,110.22,47.3,40.27,18.74,33.8,86.1,0,0.0
756,2,2026-08-04T11:00:00,178.3,41.19,115.68,66.58,37.2,19.65,34.6,100.0,0,0.0
757,2,2026-08-04T12:00:00,219.27,42.94,117.09,61.95,38.56,20.05,34.7,91.8,0,0.0
758,2,2026-08-04T13:00:00,235.34,44.75,121.87,59.24,34.18,19.79,34.5,97.4,0,0.0
759,2,2026-08-04T14:00:00,224.23,44.7,131.45,61.69,37.81,18.33,33.2,89.4,0,0.0
760,2,2026-08-04T15:00:00,186.1,41.36,100.18,60.88,38.8,20.64,32.0,99.2,0,0.0
761,2,2026-08-04T16:00:00,169.25,37.71,114.24,59.48,33.79,19.75,32.3,93.4,0,0.0
762,2,2026-08-04T17:00:00,226.42,40.29,104.54,56.76,36.35,20.91,30.9,100.0,0,0.0
763,2,2026-08-04T18:00:00,147.43,31.58,68.76,46.17,24.66,13.86,29.6,67.5,0,0.0
764,2,2026-08-04T19:00:00,132.18,30.05,74.06,44.7,24.68,13.34,29.7,60.1,0,0.0
765,2,2026-08-04T20:00:00,149.84,29.49,66.49,37.36,27.15,14.88,28.3,65.6,0,0.0
766,2,2026-08-04T21:00:00,43.49,9.46,21.41,12.33,9.0,3.75,28.8,13.9,0,0.0
767,2,2026-08-04T22:00:00,43.3,8.93,19.65,10.98,7.47,3.61,28.5,24.4,0,0.0
768,2,2026-08-04T23:00:00,43.01,9.87,19.97,12.33,7.85,4.44,27.5,16.3,0,0.0
769,2,2026-08-05T00:00:00,44.79,7.58,20.35,11.0,7.57,4.06,27.7,15.0,0,0.0
770,2,2026-08-05T01:00:00,117.82,8.63,19.03,13.77,7.98,4.26,28.7,19.8,1,0.0
771,2,2026-08-05T02:00:00,46.97,8.86,23.74,12.71,7.52,4.13,28.7,16.3,0,0.0
772,2,2026-08-05T03:00:00,45.95,8.98,21.04,11.75,7.67,4.03,28.7,8.1,0,0.0
773,2,2026-08-05T04:00:00,45.45,20.5,20.18,13.02,7.98,3.83,29.3,8.5,1,0.0
774,2,2026-08-05T05:00:00,42.15,7.99,22.38,10.87,7.53,3.76,30.5,19.5,0,0.0
775,2,2026-08-05T06:00:00,48.11,7.69,21.97,12.74,7.71,4.1,31.4,20.9,0,0.0
776,2,2026-08-05T07:00:00,144.97,29.9,78.4,46.51,25.7,13.31,33.3,72.4,0,0.0
777,2,2026-08-05T08:00:00,165.1,32.91,94.67,44.69,34.41,15.39,32.4,77.1,0,0.0
778,2,2026-08-05T09:00:00,168.81,39.17,99.48,48.09,32.67,15.93,33.6,68.0,0,0.0
779,2,2026-08-05T10:00:00,239.14,42.32,107.56,60.2,37.22,19.84,32.6,99.0,0,0.0
780,2,2026-08-05T11:00:00,208.2,42.17,120.99,56.38,37.19,21.51,34.8,88.5,0,0.0
781,2,2026-08-05T12:00:00,239.2,40.16,124.02,61.93,40.17,17.24,34.3,92.1,0,0.0
782,2,2026-08-05T13:00:00,191.91,38.71,117.19,52.58,38.27,17.39,34.8,96.3,0,0.0
783,2,2026-08-05T14:00:00,219.55,44.09,111.9,52.27,36.13,17.5,31.7,98.8,0,0.0
784,2,2026-08-05T15:00:00,199.85,38.45,105.92,51.4,36.95,19.68,34.2,87.5,0,0.0
785,2,2026-08-05T16:00:00,205.78,42.23,111.43,65.02,37.11,18.11,31.5,93.6,0,0.0
786,2,2026-08-05T17:00:00,214.39,43.47,103.92,57.74,43.31,19.07,29.4,100.0,0,0.0
787,2,2026-08-05T18:00:00,134.96,30.55,67.5,38.27,29.98,14.1,31.0,65.8,0,0.0
788,2,2026-08-05T19:00:00,154.55,30.08,64.75,41.89,27.02,13.49,28.2,68.0,0,0.0
789,2,2026-08-05T20:00:00,148.23,29.74,71.87,44.19,25.78,13.96,29.5,66.8,0,0.0
790,2,2026-08-05T21:00:00,47.29,9.33,17.76,13.71,8.31,4.01,28.1,13.4,0,0.0
791,2,2026-08-05T22:00:00,44.26,9.16,20.22,12.63,7.36,3.67,26.8,20.5,0,0.0
792,2,2026-08-05T23:00:00,51.3,9.92,22.38,12.06,8.02,4.06,28.3,15.8,0,0.0
793,2,2026-08-06T00:00:00,44.81,10.49,21.0,14.89,6.7,4.08,27.9,13.9,0,0.0
794,2,2026-08-06T01:00:00,47.57,8.48,21.57,12.41,8.25,4.01,26.9,20.0,0,0.0
795,2,2026-08-06T02:00:00,42.36,9.82,22.03,11.58,7.46,3.67,29.7,17.0,0,0.0
796,2,2026-08-06T03:00:00,45.63,9.28,21.46,13.35,8.25,3.76,30.8,18.6,0,0.0
797,2,2026-08-06T04:00:00,46.0,9.47,19.78,13.77,7.73,4.01,29.3,14.5,0,0.0
798,2,2026-08-06T05:00:00,54.05,9.11,19.92,12.74,8.98,3.99,31.1,19.7,0,0.0
799,2,2026-08-06T06:00:00,45.11,7.83,18.35,13.49,7.69,3.45,30.1,17.9,0,0.0
800,2,2026-08-06T07:00:00,282.09,29.42,201.37,38.89,27.02,14.81,32.3,61.3,1,0.5953
801,2,2026-08-06T08:00:00,144.56,34.1,96.78,49.03,30.12,14.91,33.9,66.6,0,0.0
802,2,2026-08-06T09:00:00,155.94,34.1,99.68,44.52,32.65,19.32,33.1,78.4,0,0.0
803,2,2026-08-06T10:00:00,213.46,42.27,118.73,58.55,42.32,19.94,34.8,97.6,0,0.0
804,2,2026-08-06T11:00:00,208.98,41.47,113.78,51.88,36.49,16.86,33.5,90.6,0,0.0
805,2,2026-08-06T12:00:00,236.95,49.31,132.62,53.72,37.1,22.98,35.2,96.9,0,0.0
806,2,2026-08-06T13:00:00,188.25,45.01,113.66,58.7,33.92,17.25,33.1,87.1,0,0.0
807,2,2026-08-06T14:00:00,237.92,42.86,118.72,62.84,34.33,21.34,32.5,97.2,0,0.0
808,2,2026-08-06T15:00:00,219.89,48.82,113.59,63.2,34.82,20.64,34.2,80.8,0,0.0
809,2,2026-08-06T16:00:00,234.27,43.83,114.11,57.35,37.48,18.74,32.0,94.2,0,0.0
810,2,2026-08-06T17:00:00,210.53,46.62,119.73,55.32,38.06,21.78,30.9,92.6,0,0.0
811,2,2026-08-06T18:00:00,130.53,29.65,78.22,42.23,25.14,12.49,30.7,65.9,0,0.0
812,2,2026-08-06T19:00:00,138.93,28.43,79.75,37.14,26.15,13.11,31.3,63.4,0,0.0
813,2,2026-08-06T20:00:00,135.2,27.33,66.72,40.66,27.24,12.21,28.3,61.5,0,0.0
814,2,2026-08-06T21:00:00,39.34,9.44,19.12,12.72,7.2,4.37,29.4,24.3,0,0.0
815,2,2026-08-06T22:00:00,43.28,9.09,19.23,12.15,9.01,3.49,28.1,14.7,0,0.0
816,2,2026-08-06T23:00:00,42.97,8.68,18.98,13.3,7.7,4.06,28.4,21.1,0,0.0
817,2,2026-08-07T00:00:00,47.35,8.55,19.54,11.64,7.31,4.22,28.8,24.5,0,0.0
818,2,2026-08-07T01:00:00,42.23,9.42,17.49,12.24,8.29,4.17,27.9,14.2,0,0.0
819,2,2026-08-07T02:00:00,45.09,9.19,20.35,11.89,8.38,3.51,29.6,21.2,0,0.0
820,2,2026-08-07T03:00:00,45.1,9.61,18.71,12.04,7.82,4.52,28.3,26.3,0,0.0
821,2,2026-08-07T04:00:00,41.8,9.1,20.42,11.23,7.57,3.46,31.0,21.0,0,0.0
822,2,2026-08-07T05:00:00,38.13,9.0,19.91,13.49,8.09,3.74,31.6,25.0,0,0.0
823,2,2026-08-07T06:00:00,46.96,8.93,24.7,11.91,8.42,3.95,32.3,23.4,0,0.0
824,2,2026-08-07T07:00:00,161.6,33.26,81.61,45.69,28.78,15.7,32.4,75.6,0,0.0
825,2,2026-08-07T08:00:00,179.62,34.45,89.11,48.67,27.78,14.49,33.9,77.2,0,0.0
826,2,2026-08-07T09:00:00,171.75,40.04,81.84,52.13,35.9,16.57,32.2,82.4,0,0.0
827,2,2026-08-07T10:00:00,203.77,39.99,100.25,61.77,42.54,16.45,32.7,89.9,0,0.0
828,2,2026-08-07T11:00:00,218.12,45.66,111.07,56.12,40.54,17.48,33.9,92.1,0,0.0
829,2,2026-08-07T12:00:00,180.0,47.32,111.3,57.02,33.2,19.01,33.7,90.2,0,0.0
830,2,2026-08-07T13:00:00,207.76,41.69,102.96,58.04,41.31,17.11,33.1,91.5,0,0.0
831,2,2026-08-07T14:00:00,185.57,45.14,122.29,55.73,38.21,17.68,33.4,97.2,0,0.0
832,2,2026-08-07T15:00:00,235.83,46.72,127.1,62.89,36.97,19.05,33.3,96.4,0,0.0
833,2,2026-08-07T16:00:00,207.83,42.79,97.98,60.76,35.57,20.62,31.0,95.8,0,0.0
834,2,2026-08-07T17:00:00,215.61,42.35,102.22,64.25,36.83,18.82,30.9,98.5,0,0.0
835,2,2026-08-07T18:00:00,150.33,33.12,67.25,44.48,26.0,13.23,30.8,55.4,0,0.0
836,2,2026-08-07T19:00:00,157.5,28.76,74.63,36.26,24.44,13.11,29.9,61.0,0,0.0
837,2,2026-08-07T20:00:00,174.88,29.5,68.13,35.41,29.02,15.55,27.3,64.2,0,0.0
838,2,2026-08-07T21:00:00,42.11,8.53,20.73,13.1,7.31,3.42,28.8,21.8,0,0.0
839,2,2026-08-07T22:00:00,45.26,9.38,16.39,13.42,7.4,4.05,27.9,19.0,0,0.0
840,2,2026-08-07T23:00:00,49.49,8.43,20.44,11.24,7.68,4.05,29.0,25.2,0,0.0
841,2,2026-08-08T00:00:00,28.52,6.69,14.42,10.24,5.89,3.42,28.1,25.5,0,0.0
842,2,2026-08-08T01:00:00,32.88,7.09,17.09,8.8,5.64,3.08,29.4,14.4,0,0.0
843,2,2026-08-08T02:00:00,34.96,7.06,16.56,9.05,5.9,2.93,28.1,12.2,0,0.0
844,2,2026-08-08T03:00:00,51.25,6.99,31.71,10.85,5.75,2.93,29.9,20.9,1,0.0
845,2,2026-08-08T04:00:00,32.81,7.18,15.23,9.53,6.46,2.91,29.7,15.3,0,0.0
846,2,2026-08-08T05:00:00,31.53,6.16,17.93,10.06,5.86,2.55,32.5,7.8,0,0.0
847,2,2026-08-08T06:00:00,31.37,6.9,16.55,9.39,6.11,2.65,30.9,20.4,0,0.0
848,2,2026-08-08T07:00:00,32.06,6.31,14.78,9.54,5.97,3.19,30.7,11.2,0,0.0
849,2,2026-08-08T08:00:00,58.08,14.23,31.38,16.83,12.33,6.63,32.7,25.2,0,0.0
850,2,2026-08-08T09:00:00,69.04,13.23,31.73,17.98,12.67,6.26,31.8,27.1,0,0.0
851,2,2026-08-08T10:00:00,62.84,14.73,34.63,16.34,12.23,6.61,33.4,29.7,0,0.0
852,2,2026-08-08T11:00:00,65.94,13.75,37.34,17.29,11.3,5.47,34.2,29.8,0,0.0
853,2,2026-08-08T12:00:00,69.61,12.65,34.21,20.27,12.6,6.24,34.9,30.2,0,0.0
854,2,2026-08-08T13:00:00,63.66,13.26,35.84,18.65,11.32,6.25,34.1,29.2,0,0.0
855,2,2026-08-08T14:00:00,56.84,14.78,37.81,18.68,11.67,5.85,33.7,31.3,0,0.0
856,2,2026-08-08T15:00:00,58.09,13.85,33.82,19.41,13.41,6.16,32.5,37.6,0,0.0
857,2,2026-08-08T16:00:00,57.74,14.09,33.79,15.5,11.36,6.04,32.5,30.2,0,0.0
858,2,2026-08-08T17:00:00,57.08,14.11,31.99,19.38,12.84,6.43,31.1,29.7,0,0.0
859,2,2026-08-08T18:00:00,36.67,6.46,18.12,8.4,6.14,3.12,30.6,19.5,0,0.0
860,2,2026-08-08T19:00:00,34.47,6.42,16.36,9.77,4.9,3.12,30.0,17.4,0,0.0
861,2,2026-08-08T20:00:00,34.28,6.8,14.66,9.98,5.83,3.14,28.5,8.4,0,0.0
862,2,2026-08-08T21:00:00,33.72,6.72,14.4,10.25,6.22,2.29,28.1,11.6,0,0.0
863,2,2026-08-08T22:00:00,31.69,5.98,12.28,8.07,5.76,3.36,28.3,13.7,0,0.0
864,2,2026-08-08T23:00:00,36.26,6.8,13.89,10.62,5.57,2.75,27.4,10.8,0,0.0
865,2,2026-08-09T00:00:00,35.54,7.49,11.83,8.14,6.07,3.16,27.1,12.4,0,0.0
866,2,2026-08-09T01:00:00,28.57,7.05,16.05,9.57,5.92,3.02,28.2,16.3,0,0.0
867,2,2026-08-09T02:00:00,31.35,7.51,15.78,8.64,5.88,3.02,29.7,8.9,0,0.0
868,2,2026-08-09T03:00:00,32.46,7.1,18.84,9.51,5.83,2.49,30.5,12.3,0,0.0
869,2,2026-08-09T04:00:00,31.28,7.07,15.59,8.3,5.69,2.98,29.8,15.2,0,0.0
870,2,2026-08-09T05:00:00,32.27,6.98,16.2,8.99,6.06,2.62,31.1,9.8,0,0.0
871,2,2026-08-09T06:00:00,32.19,6.35,17.16,8.67,5.94,3.08,32.2,18.4,0,0.0
872,2,2026-08-09T07:00:00,35.81,7.45,17.01,10.58,7.13,2.88,32.2,16.8,0,0.0
873,2,2026-08-09T08:00:00,68.26,13.29,34.9,15.85,12.05,5.31,32.1,36.7,0,0.0
874,2,2026-08-09T09:00:00,54.11,14.7,39.04,20.56,11.95,5.55,33.6,31.4,0,0.0
875,2,2026-08-09T10:00:00,64.74,13.66,34.58,18.77,12.06,5.23,33.5,30.0,0,0.0
876,2,2026-08-09T11:00:00,66.65,13.6,37.2,18.33,10.63,5.58,32.1,27.3,0,0.0
877,2,2026-08-09T12:00:00,68.88,13.82,36.75,18.21,11.32,6.66,35.5,25.8,0,0.0
878,2,2026-08-09T13:00:00,65.63,12.72,33.7,16.56,13.4,6.01,32.5,31.3,0,0.0
879,2,2026-08-09T14:00:00,59.12,14.69,34.77,16.57,11.92,5.85,33.4,26.5,0,0.0
880,2,2026-08-09T15:00:00,58.22,11.6,37.55,18.8,10.68,5.49,30.8,34.0,0,0.0
881,2,2026-08-09T16:00:00,62.28,14.42,30.27,19.9,11.99,6.69,32.4,28.5,0,0.0
882,2,2026-08-09T17:00:00,69.04,14.31,35.55,16.92,13.16,6.07,30.4,25.5,0,0.0
883,2,2026-08-09T18:00:00,36.43,6.67,15.66,9.68,6.88,3.09,30.9,15.0,0,0.0
884,2,2026-08-09T19:00:00,29.96,7.35,15.42,8.85,5.47,3.05,29.1,18.0,0,0.0
885,2,2026-08-09T20:00:00,32.08,7.58,15.97,9.54,6.33,2.97,29.6,25.8,0,0.0
886,2,2026-08-09T21:00:00,35.01,7.26,15.33,8.97,5.87,2.96,27.3,19.5,0,0.0
887,2,2026-08-09T22:00:00,31.46,6.68,15.19,9.46,6.0,2.38,27.2,7.7,0,0.0
888,2,2026-08-09T23:00:00,45.0,5.5,28.16,7.98,6.08,2.79,28.7,15.8,1,0.0
889,2,2026-08-10T00:00:00,41.06,9.59,19.9,13.34,7.29,4.64,27.6,18.4,0,0.0
890,2,2026-08-10T01:00:00,43.74,8.93,17.48,13.49,8.13,4.28,28.2,24.3,0,0.0
891,2,2026-08-10T02:00:00,42.22,8.37,18.9,12.85,8.53,3.99,30.0,19.7,0,0.0
892,2,2026-08-10T03:00:00,37.59,8.78,17.72,10.9,9.03,3.9,28.1,16.7,0,0.0
893,2,2026-08-10T04:00:00,44.56,8.71,18.12,14.31,8.68,3.73,28.7,13.5,0,0.0
894,2,2026-08-10T05:00:00,46.05,8.11,21.71,10.45,8.8,3.98,31.5,18.8,0,0.0
895,2,2026-08-10T06:00:00,44.02,9.32,27.71,12.33,6.67,4.35,31.3,18.4,0,0.0
896,2,2026-08-10T07:00:00,151.67,36.41,88.83,41.55,33.59,16.53,31.7,72.1,0,0.0
897,2,2026-08-10T08:00:00,176.51,32.54,85.91,41.09,33.41,13.62,32.6,65.2,0,0.0
898,2,2026-08-10T09:00:00,163.81,33.0,91.73,52.05,26.84,17.08,32.8,81.8,0,0.0
899,2,2026-08-10T10:00:00,194.26,41.98,110.1,52.1,41.19,19.12,34.8,98.9,0,0.0
900,2,2026-08-10T11:00:00,216.86,41.16,110.5,57.23,41.7,19.92,33.7,98.1,0,0.0
901,2,2026-08-10T12:00:00,227.68,45.07,107.19,57.26,35.56,19.36,32.8,86.1,0,0.0
902,2,2026-08-10T13:00:00,205.5,43.14,112.17,57.69,43.94,17.87,33.8,100.0,0,0.0
903,2,2026-08-10T14:00:00,220.25,36.1,116.51,61.98,37.89,19.19,32.8,93.8,0,0.0
904,2,2026-08-10T15:00:00,226.87,40.59,106.24,67.94,34.16,19.27,31.9,99.1,0,0.0
905,2,2026-08-10T16:00:00,207.78,36.23,116.65,65.03,42.1,19.39,31.9,100.0,0,0.0
906,2,2026-08-10T17:00:00,195.57,35.82,108.06,54.97,40.66,19.17,32.0,95.9,0,0.0
907,2,2026-08-10T18:00:00,150.51,30.89,64.82,42.92,29.02,12.52,29.4,76.1,0,0.0
908,2,2026-08-10T19:00:00,129.26,28.67,62.71,45.41,26.46,13.81,29.0,63.3,0,0.0
909,2,2026-08-10T20:00:00,130.6,33.34,53.65,41.06,26.94,13.51,28.1,71.8,0,0.0
910,2,2026-08-10T21:00:00,49.28,10.44,20.49,10.49,6.7,3.92,27.2,17.3,0,0.0
911,2,2026-08-10T22:00:00,45.14,8.94,21.04,12.23,7.42,3.83,28.6,21.1,0,0.0
912,2,2026-08-10T23:00:00,41.4,8.75,18.73,12.91,7.68,3.98,27.7,11.4,0,0.0
913,2,2026-08-11T00:00:00,43.71,9.69,17.7,12.81,7.33,3.95,29.1,20.3,0,0.0
914,2,2026-08-11T01:00:00,45.2,7.9,21.16,12.01,6.38,3.51,28.5,21.0,0,0.0
915,2,2026-08-11T02:00:00,46.64,9.36,23.6,12.4,7.9,3.77,29.5,27.0,0,0.0
916,2,2026-08-11T03:00:00,40.67,7.85,20.79,11.45,8.46,3.89,29.9,19.7,0,0.0
917,2,2026-08-11T04:00:00,40.26,10.02,20.09,11.05,8.25,4.47,30.5,26.7,0,0.0
918,2,2026-08-11T05:00:00,43.66,8.52,21.74,12.66,7.17,4.21,30.7,22.0,0,0.0
919,2,2026-08-11T06:00:00,42.52,10.74,21.16,14.86,8.83,3.87,31.5,16.8,0,0.0
920,2,2026-08-11T07:00:00,162.51,33.75,83.91,47.53,29.66,13.05,34.1,80.1,0,0.0
921,2,2026-08-11T08:00:00,164.64,33.95,87.94,41.43,30.63,16.49,34.0,82.7,0,0.0
922,2,2026-08-11T09:00:00,183.38,33.01,91.4,47.86,31.65,15.05,33.5,78.8,0,0.0
923,2,2026-08-11T10:00:00,200.93,42.05,127.29,56.49,39.57,19.61,33.4,100.0,0,0.0
924,2,2026-08-11T11:00:00,232.5,39.47,112.49,52.98,35.82,20.45,33.6,100.0,0,0.0
925,2,2026-08-11T12:00:00,235.92,46.93,119.89,58.1,37.53,18.37,33.1,90.3,0,0.0
926,2,2026-08-11T13:00:00,215.34,40.14,114.51,56.29,38.72,22.46,33.2,100.0,0,0.0
927,2,2026-08-11T14:00:00,249.55,39.54,121.54,62.94,40.88,19.24,33.2,92.9,0,0.0
928,2,2026-08-11T15:00:00,226.71,43.64,107.45,61.03,40.54,19.01,31.7,91.8,0,0.0
929,2,2026-08-11T16:00:00,185.38,45.38,92.0,55.79,34.67,18.87,32.0,100.0,0,0.0
930,2,2026-08-11T17:00:00,185.17,40.36,97.51,57.37,41.78,17.19,30.5,100.0,0,0.0
931,2,2026-08-11T18:00:00,132.28,29.63,63.72,41.43,24.32,14.21,29.6,63.2,0,0.0
932,2,2026-08-11T19:00:00,117.55,33.02,65.17,39.26,24.78,13.83,28.9,59.1,0,0.0
933,2,2026-08-11T20:00:00,146.93,34.5,65.42,39.68,24.93,13.05,29.2,64.3,0,0.0
934,2,2026-08-11T21:00:00,42.31,8.01,22.11,13.28,7.62,3.84,29.3,19.5,0,0.0
935,2,2026-08-11T22:00:00,44.2,8.86,21.81,12.45,7.42,4.47,28.4,19.7,0,0.0
936,2,2026-08-11T23:00:00,37.65,9.14,21.5,12.13,7.63,4.49,30.4,16.4,0,0.0
937,2,2026-08-12T00:00:00,42.76,9.26,20.96,13.09,8.71,4.41,28.2,31.6,0,0.0
938,2,2026-08-12T01:00:00,48.52,9.8,21.65,10.82,7.82,4.0,27.5,20.3,0,0.0
939,2,2026-08-12T02:00:00,41.42,8.85,23.41,11.32,6.65,4.62,28.0,15.8,0,0.0
940,2,2026-08-12T03:00:00,83.53,9.42,19.54,12.61,8.46,3.94,29.4,15.0,1,0.0
941,2,2026-08-12T04:00:00,44.07,9.03,21.56,12.82,7.63,3.87,29.6,17.0,0,0.0
942,2,2026-08-12T05:00:00,45.81,9.49,22.84,14.05,8.53,4.1,30.2,17.5,0,0.0
943,2,2026-08-12T06:00:00,46.99,9.19,22.99,11.92,8.07,3.58,31.0,25.1,0,0.0
944,2,2026-08-12T07:00:00,149.76,34.12,72.42,44.07,27.77,12.09,32.6,67.2,0,0.0
945,2,2026-08-12T08:00:00,153.59,31.35,94.34,43.53,34.1,14.56,32.7,76.6,0,0.0
946,2,2026-08-12T09:00:00,177.83,40.32,83.15,49.6,32.33,14.08,33.4,91.5,0,0.0
947,2,2026-08-12T10:00:00,191.21,44.72,99.27,59.6,38.02,17.85,33.5,94.7,0,0.0
948,2,2026-08-12T11:00:00,175.78,47.83,116.53,67.63,39.52,19.87,33.9,87.8,0,0.0
949,2,2026-08-12T12:00:00,208.84,44.56,102.44,55.28,38.21,23.5,33.1,98.6,0,0.0
950,2,2026-08-12T13:00:00,201.4,44.36,119.54,59.72,35.83,18.26,34.1,92.3,0,0.0
951,2,2026-08-12T14:00:00,225.37,45.51,105.94,55.75,37.7,18.06,32.4,99.2,0,0.0
952,2,2026-08-12T15:00:00,213.72,46.51,123.18,61.41,38.81,19.59,32.1,93.7,0,0.0
953,2,2026-08-12T16:00:00,246.34,43.12,108.89,60.9,41.84,19.88,32.3,91.6,0,0.0
954,2,2026-08-12T17:00:00,193.19,40.85,96.3,58.08,36.78,16.63,30.7,100.0,0,0.0
955,2,2026-08-12T18:00:00,156.78,28.0,60.75,36.62,25.24,12.33,30.8,54.1,0,0.0
956,2,2026-08-12T19:00:00,149.52,32.82,67.15,30.67,26.99,13.65,30.1,65.9,0,0.0
957,2,2026-08-12T20:00:00,140.28,28.48,71.14,34.71,30.36,11.43,28.0,67.5,0,0.0
958,2,2026-08-12T21:00:00,43.3,9.13,21.85,11.91,8.86,3.94,28.4,17.5,0,0.0
959,2,2026-08-12T22:00:00,45.28,9.66,19.5,10.87,7.22,4.59,28.8,10.3,0,0.0
960,2,2026-08-12T23:00:00,49.06,9.46,20.42,11.41,7.95,4.12,28.4,23.0,0,0.0
961,2,2026-08-13T00:00:00,37.17,8.9,17.41,12.83,7.46,4.09,27.2,27.7,0,0.0
962,2,2026-08-13T01:00:00,43.31,10.2,19.83,12.68,8.79,4.23,27.6,18.2,0,0.0
963,2,2026-08-13T02:00:00,39.12,9.01,21.33,11.3,8.59,3.76,28.8,17.1,0,0.0
964,2,2026-08-13T03:00:00,46.75,8.59,21.23,11.4,7.57,4.55,30.2,23.2,0,0.0
965,2,2026-08-13T04:00:00,41.79,8.53,23.5,14.77,6.27,4.1,30.1,11.4,0,0.0
966,2,2026-08-13T05:00:00,47.61,8.32,20.64,10.75,7.46,4.09,31.7,16.8,0,0.0
967,2,2026-08-13T06:00:00,48.61,10.15,22.43,11.82,8.12,3.53,31.3,27.9,0,0.0
968,2,2026-08-13T07:00:00,158.33,31.74,84.81,41.69,24.38,13.86,32.6,69.2,0,0.0
969,2,2026-08-13T08:00:00,172.05,34.64,86.99,45.62,31.62,17.68,33.0,67.8,0,0.0
970,2,2026-08-13T09:00:00,186.14,36.41,102.02,44.56,31.62,17.01,34.0,72.5,0,0.0
971,2,2026-08-13T10:00:00,205.06,42.35,118.76,60.21,37.65,22.74,33.4,92.4,0,0.0
972,2,2026-08-13T11:00:00,225.91,43.29,117.56,55.84,34.12,18.15,34.7,96.0,0,0.0
973,2,2026-08-13T12:00:00,217.44,47.21,109.42,52.71,42.06,20.02,33.3,97.5,0,0.0
974,2,2026-08-13T13:00:00,206.69,43.6,109.59,58.36,36.46,18.39,31.7,92.0,0,0.0
975,2,2026-08-13T14:00:00,197.64,44.2,115.95,56.84,38.71,22.05,33.3,100.0,0,0.0
976,2,2026-08-13T15:00:00,227.06,39.91,124.3,53.99,41.28,19.82,31.5,100.0,0,0.0
977,2,2026-08-13T16:00:00,194.23,39.87,99.61,55.44,39.16,21.69,30.4,100.0,0,0.0
978,2,2026-08-13T17:00:00,175.96,42.86,99.67,57.08,45.07,20.32,29.7,100.0,0,0.0
979,2,2026-08-13T18:00:00,153.29,30.51,69.59,36.71,28.49,13.81,29.5,64.0,0,0.0
980,2,2026-08-13T19:00:00,162.96,30.91,69.01,42.17,23.16,11.42,31.3,69.6,0,0.0
981,2,2026-08-13T20:00:00,160.83,29.3,64.49,43.66,23.43,11.11,27.8,63.1,0,0.0
982,2,2026-08-13T21:00:00,47.08,7.88,17.65,11.68,7.99,4.0,27.3,20.4,0,0.0
983,2,2026-08-13T22:00:00,43.97,9.24,23.24,11.81,8.55,4.37,27.9,11.8,0,0.0
984,2,2026-08-13T23:00:00,41.33,8.72,22.36,10.29,8.41,4.05,27.9,18.5,0,0.0
985,2,2026-08-14T00:00:00,50.86,8.85,20.32,12.56,8.6,3.86,29.0,13.0,0,0.0
986,2,2026-08-14T01:00:00,47.0,9.14,22.48,12.58,8.23,3.47,29.4,16.1,0,0.0
987,2,2026-08-14T02:00:00,45.81,9.71,20.4,10.86,7.8,3.71,28.8,27.4,0,0.0
988,2,2026-08-14T03:00:00,41.28,8.15,20.82,12.23,8.01,4.6,28.9,20.6,0,0.0
989,2,2026-08-14T04:00:00,37.49,8.99,22.45,10.45,6.99,3.83,29.1,21.3,0,0.0
990,2,2026-08-14T05:00:00,43.28,8.66,23.45,12.88,7.67,4.21,31.5,27.6,0,0.0
991,2,2026-08-14T06:00:00,41.54,7.95,19.86,12.57,7.25,4.29,29.9,27.8,0,0.0
992,2,2026-08-14T07:00:00,147.54,31.01,87.5,45.62,28.3,13.72,31.8,76.1,0,0.0
993,2,2026-08-14T08:00:00,172.1,33.22,87.83,50.89,29.6,14.6,33.7,88.6,0,0.0
994,2,2026-08-14T09:00:00,168.82,35.87,98.67,50.58,32.31,15.35,32.2,83.2,0,0.0
995,2,2026-08-14T10:00:00,215.57,41.27,109.51,46.33,37.6,16.91,33.1,99.5,0,0.0
996,2,2026-08-14T11:00:00,226.99,39.3,111.61,56.49,32.91,18.78,34.8,97.8,0,0.0
997,2,2026-08-14T12:00:00,216.99,38.09,105.16,49.3,39.57,19.11,31.9,92.1,0,0.0
998,2,2026-08-14T13:00:00,204.44,47.79,104.46,50.05,35.1,18.24,34.1,99.0,0,0.0
999,2,2026-08-14T14:00:00,195.04,47.29,114.97,54.29,39.07,19.78,33.2,96.3,0,0.0
1000,2,2026-08-14T15:00:00,194.89,40.12,117.63,66.34,30.34,19.13,31.4,92.9,0,0.0
1001,2,2026-08-14T16:00:00,217.09,43.87,112.45,62.14,37.14,20.12,31.9,100.0,0,0.0
1002,2,2026-08-14T17:00:00,227.91,44.11,112.03,54.12,38.99,18.61,30.5,94.4,0,0.0
1003,2,2026-08-14T18:00:00,134.03,32.61,72.83,39.46,23.31,13.96,30.3,63.6,0,0.0
1004,2,2026-08-14T19:00:00,130.63,26.94,71.84,36.86,23.83,12.96,28.7,61.3,0,0.0
1005,2,2026-08-14T20:00:00,141.7,29.79,64.86,42.13,25.35,12.12,28.5,68.6,0,0.0
1006,2,2026-08-14T21:00:00,46.19,9.6,21.83,11.75,8.89,4.63,28.7,14.4,0,0.0
1007,2,2026-08-14T22:00:00,41.67,9.1,17.62,15.44,7.01,3.74,27.8,20.6,0,0.0
1008,2,2026-08-14T23:00:00,44.49,9.19,18.91,11.73,8.85,3.45,28.0,28.0,0,0.0
1009,2,2026-08-15T00:00:00,35.14,6.51,17.1,9.8,6.7,2.96,27.1,22.1,0,0.0
1010,2,2026-08-15T01:00:00,33.5,6.27,14.4,10.42,6.4,2.91,28.2,11.6,0,0.0
1011,2,2026-08-15T02:00:00,31.98,7.18,14.09,10.34,6.23,2.76,28.6,17.8,0,0.0
1012,2,2026-08-15T03:00:00,31.55,6.8,14.23,10.2,5.95,3.07,28.9,8.4,0,0.0
1013,2,2026-08-15T04:00:00,34.84,6.42,14.78,11.25,6.73,2.98,30.8,10.7,0,0.0
1014,2,2026-08-15T05:00:00,35.37,6.65,17.06,9.02,6.48,2.98,31.0,14.9,0,0.0
1015,2,2026-08-15T06:00:00,34.53,6.97,12.77,9.92,6.28,3.25,29.9,14.3,0,0.0
1016,2,2026-08-15T07:00:00,32.55,6.62,15.05,10.8,6.62,3.44,31.6,15.8,0,0.0
1017,2,2026-08-15T08:00:00,67.14,12.54,40.29,16.9,11.37,5.62,34.3,32.5,0,0.0
1018,2,2026-08-15T09:00:00,64.31,13.79,36.0,19.2,11.46,5.5,32.2,26.5,0,0.0
1019,2,2026-08-15T10:00:00,72.91,11.81,32.71,19.06,10.41,6.98,32.3,17.2,0,0.0
1020,2,2026-08-15T11:00:00,63.68,13.54,34.23,17.58,10.4,6.2,33.7,29.0,0,0.0
1021,2,2026-08-15T12:00:00,145.13,14.67,107.08,20.11,12.18,5.77,32.4,32.2,1,0.0
1022,2,2026-08-15T13:00:00,73.57,12.44,38.16,17.43,12.21,6.78,32.3,26.8,0,0.0
1023,2,2026-08-15T14:00:00,65.8,12.63,32.35,21.61,13.21,7.05,32.0,30.3,0,0.0
1024,2,2026-08-15T15:00:00,66.25,12.56,36.5,17.08,11.95,6.3,32.2,35.7,0,0.0
1025,2,2026-08-15T16:00:00,68.86,14.3,30.61,17.61,14.11,4.97,30.4,35.1,0,0.0
1026,2,2026-08-15T17:00:00,71.41,15.19,30.87,19.4,12.18,6.17,29.5,31.8,0,0.0
1027,2,2026-08-15T18:00:00,31.78,7.15,17.48,8.59,6.23,3.05,29.0,15.6,0,0.0
1028,2,2026-08-15T19:00:00,33.33,6.63,15.07,8.67,6.62,3.39,30.4,16.3,0,0.0
1029,2,2026-08-15T20:00:00,32.61,7.1,16.45,10.3,6.06,3.21,29.5,8.2,0,0.0
1030,2,2026-08-15T21:00:00,30.59,6.84,15.44,9.4,6.06,3.48,28.2,14.0,0,0.0
1031,2,2026-08-15T22:00:00,36.88,6.95,16.05,9.75,6.08,3.3,29.0,5.9,0,0.0
1032,2,2026-08-15T23:00:00,34.17,6.49,13.67,9.74,5.77,2.56,27.6,20.1,0,0.0
1033,2,2026-08-16T00:00:00,30.85,6.11,14.08,10.83,5.64,3.07,27.0,13.0,0,0.0
1034,2,2026-08-16T01:00:00,35.03,6.69,14.75,9.26,5.64,3.24,27.5,19.7,0,0.0
1035,2,2026-08-16T02:00:00,32.29,6.67,15.09,9.99,6.09,3.06,27.4,16.6,0,0.0
1036,2,2026-08-16T03:00:00,31.72,5.99,15.49,9.61,5.82,2.57,28.8,16.9,0,0.0
1037,2,2026-08-16T04:00:00,35.5,6.04,14.85,9.79,6.43,3.11,27.9,14.4,0,0.0
1038,2,2026-08-16T05:00:00,29.61,6.99,17.09,10.45,5.52,2.84,30.8,12.7,0,0.0
1039,2,2026-08-16T06:00:00,34.14,6.15,17.08,9.96,6.71,2.52,31.1,18.3,0,0.0
1040,2,2026-08-16T07:00:00,32.48,6.55,15.29,8.37,6.56,2.9,32.6,16.5,0,0.0
1041,2,2026-08-16T08:00:00,60.79,13.94,35.58,19.64,11.63,5.97,32.9,30.6,0,0.0
1042,2,2026-08-16T09:00:00,58.24,13.9,32.91,18.06,12.04,5.93,32.6,33.4,0,0.0
1043,2,2026-08-16T10:00:00,72.63,12.26,41.33,17.71,11.41,5.56,33.6,24.0,0,0.0
1044,2,2026-08-16T11:00:00,69.83,13.75,37.64,19.13,12.74,6.39,32.1,33.7,0,0.0
1045,2,2026-08-16T12:00:00,61.8,12.12,35.57,18.64,12.26,6.53,32.5,30.2,0,0.0
1046,2,2026-08-16T13:00:00,130.41,13.67,95.17,18.22,11.91,5.11,34.5,31.8,1,0.567
1047,2,2026-08-16T14:00:00,74.73,12.8,32.66,18.15,11.27,5.83,32.4,24.8,0,0.0
1048,2,2026-08-16T15:00:00,54.77,13.56,33.08,20.07,12.3,6.23,33.2,30.2,0,0.0
1049,2,2026-08-16T16:00:00,73.22,12.9,33.73,19.45,12.75,7.19,30.7,21.3,0,0.0
1050,2,2026-08-16T17:00:00,61.73,13.36,34.62,17.9,12.36,5.68,31.9,36.0,0,0.0
1051,2,2026-08-16T18:00:00,31.07,7.52,16.9,9.93,6.67,3.01,29.9,4.5,0,0.0
1052,2,2026-08-16T19:00:00,32.42,6.38,17.04,9.93,5.38,3.21,29.8,14.3,0,0.0
1053,2,2026-08-16T20:00:00,31.12,6.36,14.89,9.6,5.09,2.79,28.3,8.1,0,0.0
1054,2,2026-08-16T21:00:00,34.02,7.73,15.03,9.34,6.19,3.04,28.0,17.2,0,0.0
1055,2,2026-08-16T22:00:00,36.41,7.3,16.12,8.32,5.8,3.16,27.8,19.9,0,0.0
1056,2,2026-08-16T23:00:00,32.05,6.67,17.21,9.07,5.17,3.07,27.9,18.7,0,0.0
1057,2,2026-08-17T00:00:00,46.59,8.16,19.27,11.95,8.75,4.04,27.9,30.6,0,0.0
1058,2,2026-08-17T01:00:00,44.78,8.87,18.61,12.63,8.24,3.83,27.9,21.2,0,0.0
1059,2,2026-08-17T02:00:00,43.94,8.06,19.7,12.85,7.38,3.76,27.3,22.0,0,0.0
1060,2,2026-08-17T03:00:00,46.71,8.06,18.11,12.44,7.61,4.22,28.0,19.1,0,0.0
1061,2,2026-08-17T04:00:00,44.31,9.99,21.94,12.58,8.13,3.93,29.8,15.1,0,0.0
1062,2,2026-08-17T05:00:00,47.4,8.35,22.43,13.07,8.13,3.9,31.5,26.5,0,0.0
1063,2,2026-08-17T06:00:00,42.44,10.47,21.63,11.33,7.53,4.02,31.1,24.3,0,0.0
1064,2,2026-08-17T07:00:00,157.35,31.86,82.15,43.83,26.01,14.39,32.4,73.5,0,0.0
1065,2,2026-08-17T08:00:00,174.26,32.19,74.92,41.03,27.59,15.01,33.6,77.4,0,0.0
1066,2,2026-08-17T09:00:00,159.46,37.41,101.11,45.44,32.72,16.91,33.4,82.4,0,0.0
1067,2,2026-08-17T10:00:00,190.71,43.03,120.61,58.67,35.12,20.41,33.2,95.4,0,0.0
1068,2,2026-08-17T11:00:00,174.87,41.8,124.98,50.95,36.77,18.04,33.0,87.6,0,0.0
1069,2,2026-08-17T12:00:00,215.02,42.78,119.35,56.71,35.72,18.77,35.5,81.6,0,0.0
1070,2,2026-08-17T13:00:00,230.34,41.24,121.89,57.02,44.08,17.59,32.2,85.3,0,0.0
1071,2,2026-08-17T14:00:00,222.21,40.55,102.63,65.97,40.31,14.78,30.6,100.0,0,0.0
1072,2,2026-08-17T15:00:00,213.51,44.28,101.75,64.3,34.94,21.64,31.8,93.2,0,0.0
1073,2,2026-08-17T16:00:00,251.89,49.97,100.53,54.05,42.65,17.4,30.7,89.8,0,0.0
1074,2,2026-08-17T17:00:00,222.01,47.24,104.68,59.03,37.16,20.23,30.2,96.4,0,0.0
1075,2,2026-08-17T18:00:00,470.67,33.78,65.85,43.29,25.15,12.1,28.6,57.6,1,0.5971
1076,2,2026-08-17T19:00:00,136.82,29.83,55.59,43.29,25.87,13.72,28.8,63.5,0,0.0
1077,2,2026-08-17T20:00:00,132.82,27.73,73.32,36.44,28.46,13.52,27.9,69.7,0,0.0
1078,2,2026-08-17T21:00:00,39.53,9.24,20.57,11.65,7.63,3.91,28.8,24.0,0,0.0
1079,2,2026-08-17T22:00:00,42.27,9.5,20.65,10.56,8.64,3.87,28.3,14.4,0,0.0
1080,2,2026-08-17T23:00:00,40.96,9.38,15.85,12.93,6.63,4.54,27.1,21.4,0,0.0
1081,2,2026-08-18T00:00:00,45.02,9.72,20.28,11.13,7.38,4.53,27.8,14.0,0,0.0
1082,2,2026-08-18T01:00:00,46.24,8.13,19.86,11.43,8.06,4.07,29.2,18.2,0,0.0
1083,2,2026-08-18T02:00:00,54.22,8.56,17.36,11.37,7.1,4.11,27.9,18.1,0,0.0
1084,2,2026-08-18T03:00:00,41.87,8.28,19.23,11.26,6.45,4.44,28.0,28.0,0,0.0
1085,2,2026-08-18T04:00:00,42.43,8.05,20.08,10.11,8.31,4.04,29.3,21.8,0,0.0
1086,2,2026-08-18T05:00:00,49.94,9.13,22.43,12.86,8.75,3.44,31.3,27.2,0,0.0
1087,2,2026-08-18T06:00:00,47.85,9.99,22.34,14.32,7.94,3.57,30.8,22.7,0,0.0
1088,2,2026-08-18T07:00:00,283.2,34.51,193.41,47.86,28.16,13.77,32.2,66.8,1,0.5993
1089,2,2026-08-18T08:00:00,136.01,32.53,81.31,43.28,29.63,13.91,31.5,77.6,0,0.0
1090,2,2026-08-18T09:00:00,178.72,31.18,104.19,49.83,28.68,15.72,33.8,79.0,0,0.0
1091,2,2026-08-18T10:00:00,185.35,42.38,119.08,55.16,40.84,20.11,35.0,90.3,0,0.0
1092,2,2026-08-18T11:00:00,230.28,47.12,123.37,61.54,35.11,17.72,32.6,100.0,0,0.0
1093,2,2026-08-18T12:00:00,195.85,40.27,111.38,63.36,41.78,17.77,33.4,99.0,0,0.0
1094,2,2026-08-18T13:00:00,190.58,44.95,112.32,53.22,39.85,20.35,32.4,93.7,0,0.0
1095,2,2026-08-18T14:00:00,197.56,43.67,111.78,56.68,39.18,20.58,31.9,92.7,0,0.0
1096,2,2026-08-18T15:00:00,161.91,41.5,108.4,55.46,39.52,20.99,32.0,89.7,0,0.0
1097,2,2026-08-18T16:00:00,211.94,45.32,117.2,64.91,42.63,16.72,30.9,89.1,0,0.0
1098,2,2026-08-18T17:00:00,202.2,41.73,87.17,68.73,36.18,18.97,31.0,100.0,0,0.0
1099,2,2026-08-18T18:00:00,150.47,32.14,71.81,34.9,26.97,11.94,29.4,59.6,0,0.0
1100,2,2026-08-18T19:00:00,162.97,28.99,64.17,42.85,25.23,13.67,29.3,72.4,0,0.0
1101,2,2026-08-18T20:00:00,134.3,29.61,70.91,36.66,24.09,12.02,29.2,60.7,0,0.0
1102,2,2026-08-18T21:00:00,45.0,9.59,19.37,12.67,8.99,3.95,27.9,22.4,0,0.0
1103,2,2026-08-18T22:00:00,48.74,8.74,20.41,14.73,8.43,3.97,27.6,18.2,0,0.0
1104,2,2026-08-18T23:00:00,37.32,8.65,17.58,11.51,8.69,3.91,28.8,21.0,0,0.0
1105,2,2026-08-19T00:00:00,42.39,9.12,20.87,12.02,8.57,3.98,27.3,24.5,0,0.0
1106,2,2026-08-19T01:00:00,42.08,7.74,19.44,10.16,7.32,4.01,27.7,21.9,0,0.0
1107,2,2026-08-19T02:00:00,41.55,8.79,21.27,12.14,9.55,3.64,29.8,16.0,0,0.0
1108,2,2026-08-19T03:00:00,46.16,9.19,21.08,12.69,8.74,3.8,29.7,15.7,0,0.0
1109,2,2026-08-19T04:00:00,50.47,7.7,21.14,12.44,8.17,3.38,29.0,17.9,0,0.0
1110,2,2026-08-19T05:00:00,38.76,8.28,23.88,12.94,7.77,3.84,29.7,21.2,0,0.0
1111,2,2026-08-19T06:00:00,46.85,9.1,20.25,12.88,7.8,4.05,29.5,26.6,0,0.0
1112,2,2026-08-19T07:00:00,174.23,31.48,82.62,39.07,28.39,13.61,32.0,61.0,0,0.0
1113,2,2026-08-19T08:00:00,168.18,32.08,94.83,47.44,28.99,14.57,32.8,81.6,0,0.0
1114,2,2026-08-19T09:00:00,176.96,36.15,93.44,54.57,27.83,14.23,32.5,88.7,0,0.0
1115,2,2026-08-19T10:00:00,234.96,39.31,115.8,55.05,35.88,18.74,33.4,100.0,0,0.0
1116,2,2026-08-19T11:00:00,208.88,45.02,109.39,52.58,37.62,21.7,33.0,100.0,0,0.0
1117,2,2026-08-19T12:00:00,236.31,50.1,102.31,65.13,43.27,18.3,33.3,88.1,0,0.0
1118,2,2026-08-19T13:00:00,211.36,47.01,117.98,59.7,33.75,20.06,32.5,97.0,0,0.0
1119,2,2026-08-19T14:00:00,196.56,44.85,106.02,59.84,38.53,18.55,31.7,95.7,0,0.0
1120,2,2026-08-19T15:00:00,228.64,37.94,118.39,59.95,43.39,21.32,31.4,90.0,0,0.0
1121,2,2026-08-19T16:00:00,193.78,45.18,105.32,54.48,33.59,18.95,29.9,93.3,0,0.0
1122,2,2026-08-19T17:00:00,219.5,41.3,97.7,50.52,41.14,17.23,30.9,92.1,0,0.0
1123,2,2026-08-19T18:00:00,142.19,29.55,66.59,32.97,26.25,13.78,29.0,53.3,0,0.0
1124,2,2026-08-19T19:00:00,147.44,27.78,64.86,43.05,24.53,12.02,29.3,57.6,0,0.0
1125,2,2026-08-19T20:00:00,128.45,30.71,61.68,39.12,25.88,11.91,28.6,66.2,0,0.0
1126,2,2026-08-19T21:00:00,45.92,9.61,20.42,11.82,9.41,3.93,25.6,26.8,0,0.0
1127,2,2026-08-19T22:00:00,45.18,8.72,19.93,11.61,8.23,3.88,27.3,17.9,0,0.0
1128,2,2026-08-19T23:00:00,43.24,8.27,22.14,12.76,8.54,4.49,27.1,22.1,0,0.0
1129,2,2026-08-20T00:00:00,46.08,8.48,20.08,13.89,8.37,3.91,28.5,13.4,0,0.0
1130,2,2026-08-20T01:00:00,45.15,9.62,18.64,12.35,7.72,4.15,27.4,15.3,0,0.0
1131,2,2026-08-20T02:00:00,38.41,9.63,18.51,13.95,7.67,3.79,27.1,15.4,0,0.0
1132,2,2026-08-20T03:00:00,43.19,8.91,24.99,13.03,8.12,3.55,29.8,14.3,0,0.0
1133,2,2026-08-20T04:00:00,43.58,10.32,18.53,11.95,8.26,4.5,28.0,21.6,0,0.0
1134,2,2026-08-20T05:00:00,52.37,9.84,23.26,13.48,8.12,3.64,28.2,17.2,0,0.0
1135,2,2026-08-20T06:00:00,46.82,9.15,20.76,12.34,7.23,3.76,29.9,21.4,0,0.0
1136,2,2026-08-20T07:00:00,145.2,33.62,81.14,49.33,26.4,13.99,32.1,67.5,0,0.0
1137,2,2026-08-20T08:00:00,186.41,33.54,83.11,49.14,24.68,14.07,32.4,69.4,0,0.0
1138,2,2026-08-20T09:00:00,180.62,34.83,93.64,47.78,27.69,14.58,32.0,83.6,0,0.0
1139,2,2026-08-20T10:00:00,218.91,47.41,113.26,60.69,30.35,17.09,33.5,91.7,0,0.0
1140,2,2026-08-20T11:00:00,173.49,47.08,119.38,59.13,37.68,21.27,33.5,91.5,0,0.0
1141,2,2026-08-20T12:00:00,212.14,47.83,103.82,45.61,42.11,21.87,33.3,89.7,0,0.0
1142,2,2026-08-20T13:00:00,222.45,38.36,109.18,56.6,43.2,17.23,32.3,91.2,0,0.0
1143,2,2026-08-20T14:00:00,208.81,44.78,105.4,62.97,35.21,19.64,32.6,91.4,0,0.0
1144,2,2026-08-20T15:00:00,210.29,42.2,108.36,48.46,39.17,20.62,31.3,90.9,0,0.0
1145,2,2026-08-20T16:00:00,226.66,38.42,93.28,61.01,31.78,20.05,30.2,97.4,0,0.0
1146,2,2026-08-20T17:00:00,227.11,44.09,86.86,54.53,35.6,18.6,29.7,97.8,0,0.0
1147,2,2026-08-20T18:00:00,159.43,28.88,74.13,40.15,23.3,12.64,30.3,63.5,0,0.0
1148,2,2026-08-20T19:00:00,148.61,34.33,55.72,42.81,24.89,14.74,28.6,64.4,0,0.0
1149,2,2026-08-20T20:00:00,135.26,28.7,69.93,46.23,26.01,15.16,29.1,57.7,0,0.0
1150,2,2026-08-20T21:00:00,44.16,21.04,19.98,12.2,8.44,3.53,26.2,16.5,1,0.0
1151,2,2026-08-20T22:00:00,46.25,8.46,20.5,12.16,8.57,4.15,25.6,21.4,0,0.0
1152,2,2026-08-20T23:00:00,49.15,9.28,20.67,10.85,8.04,4.16,27.0,23.8,0,0.0
1153,2,2026-08-21T00:00:00,45.65,8.87,21.96,13.08,8.14,4.4,26.0,24.6,0,0.0
1154,2,2026-08-21T01:00:00,43.69,8.68,20.96,11.21,8.85,4.01,27.0,26.6,0,0.0
1155,2,2026-08-21T02:00:00,42.21,9.78,18.3,12.61,8.29,4.31,28.4,25.2,0,0.0
1156,2,2026-08-21T03:00:00,46.24,9.06,21.39,13.43,7.12,3.98,29.5,18.6,0,0.0
1157,2,2026-08-21T04:00:00,39.51,8.66,20.66,13.31,6.44,4.44,28.9,13.3,0,0.0
1158,2,2026-08-21T05:00:00,40.3,8.84,20.54,11.42,7.48,4.16,31.0,32.6,0,0.0
1159,2,2026-08-21T06:00:00,40.39,9.2,21.66,12.64,7.65,4.45,32.0,18.0,0,0.0
1160,2,2026-08-21T07:00:00,164.15,28.92,87.01,38.92,29.99,13.9,31.2,68.9,0,0.0
1161,2,2026-08-21T08:00:00,174.13,37.38,79.22,49.09,28.4,13.15,32.2,79.8,0,0.0
1162,2,2026-08-21T09:00:00,180.96,35.34,87.32,49.85,31.49,15.14,32.2,81.1,0,0.0
1163,2,2026-08-21T10:00:00,194.41,41.6,134.16,66.81,36.77,15.39,33.7,92.0,0,0.0
1164,2,2026-08-21T11:00:00,211.16,41.52,111.91,62.71,38.11,20.0,33.9,96.0,0,0.0
1165,2,2026-08-21T12:00:00,198.27,44.71,94.04,63.47,37.55,17.9,30.8,98.7,0,0.0
1166,2,2026-08-21T13:00:00,368.54,42.08,262.59,52.38,34.46,19.11,32.2,93.6,1,0.5882
1167,2,2026-08-21T14:00:00,237.54,37.87,109.96,61.3,38.94,20.7,32.4,100.0,0,0.0
1168,2,2026-08-21T15:00:00,215.99,43.05,105.05,51.03,37.55,20.0,31.6,89.0,0,0.0
1169,2,2026-08-21T16:00:00,231.26,45.55,112.01,64.94,36.98,18.67,31.7,94.9,0,0.0
1170,2,2026-08-21T17:00:00,220.12,44.21,96.82,54.48,37.66,20.91,30.1,93.7,0,0.0
1171,2,2026-08-21T18:00:00,145.61,29.29,64.38,40.9,23.92,12.09,27.6,69.5,0,0.0
1172,2,2026-08-21T19:00:00,148.13,31.45,64.06,41.71,24.17,12.42,29.1,61.5,0,0.0
1173,2,2026-08-21T20:00:00,113.96,29.36,71.57,45.94,24.43,13.91,28.8,70.4,0,0.0
1174,2,2026-08-21T21:00:00,44.93,9.62,20.1,14.08,7.99,3.9,26.3,22.4,0,0.0
1175,2,2026-08-21T22:00:00,48.09,7.72,22.22,12.45,8.04,3.73,26.8,18.8,0,0.0
1176,2,2026-08-21T23:00:00,41.47,8.99,16.68,12.22,8.26,4.39,26.7,24.8,0,0.0
1177,2,2026-08-22T00:00:00,36.13,7.3,14.84,8.85,4.81,3.24,26.2,16.3,0,0.0
1178,2,2026-08-22T01:00:00,37.18,7.02,14.96,8.36,5.68,2.82,28.2,16.6,0,0.0
1179,2,2026-08-22T02:00:00,31.13,6.51,14.55,8.83,5.84,2.84,29.0,14.5,0,0.0
1180,2,2026-08-22T03:00:00,30.26,6.27,14.84,10.13,7.01,2.91,27.6,5.4,0,0.0
1181,2,2026-08-22T04:00:00,35.42,6.91,17.3,9.35,6.1,3.21,29.9,14.4,0,0.0
1182,2,2026-08-22T05:00:00,36.76,6.81,16.11,9.53,5.73,2.82,30.5,20.2,0,0.0
1183,2,2026-08-22T06:00:00,36.67,6.22,16.25,10.66,6.43,2.88,31.0,21.6,0,0.0
1184,2,2026-08-22T07:00:00,34.16,7.47,16.4,9.05,6.45,2.96,31.1,18.8,0,0.0
1185,2,2026-08-22T08:00:00,71.65,12.07,36.26,17.27,12.18,5.85,33.3,38.9,0,0.0
1186,2,2026-08-22T09:00:00,60.33,13.47,38.73,20.87,12.42,6.09,33.5,27.3,0,0.0
1187,2,2026-08-22T10:00:00,75.26,13.41,37.35,18.3,10.97,5.78,33.8,26.2,0,0.0
1188,2,2026-08-22T11:00:00,65.99,13.65,33.29,19.62,11.18,5.42,32.7,29.2,0,0.0
1189,2,2026-08-22T12:00:00,59.21,11.49,42.22,17.65,11.56,5.48,34.1,27.8,0,0.0
1190,2,2026-08-22T13:00:00,58.21,13.66,33.22,19.14,12.9,5.3,33.0,31.6,0,0.0
1191,2,2026-08-22T14:00:00,62.37,13.96,41.12,18.55,11.55,6.0,32.1,29.3,0,0.0
1192,2,2026-08-22T15:00:00,184.82,14.11,32.47,19.21,11.5,6.58,30.7,26.8,1,0.5727
1193,2,2026-08-22T16:00:00,61.86,14.0,31.84,17.46,13.17,6.75,30.3,31.5,0,0.0
1194,2,2026-08-22T17:00:00,67.32,12.42,32.78,20.8,11.28,6.37,29.0,32.9,0,0.0
1195,2,2026-08-22T18:00:00,30.28,7.26,16.07,10.6,6.79,3.19,28.3,18.7,0,0.0
1196,2,2026-08-22T19:00:00,30.78,6.02,14.68,10.73,5.56,2.82,28.4,21.5,0,0.0
1197,2,2026-08-22T20:00:00,29.68,6.82,17.61,9.2,5.95,2.87,29.3,10.5,0,0.0
1198,2,2026-08-22T21:00:00,32.18,7.08,14.9,8.88,5.97,3.32,27.3,16.9,0,0.0
1199,2,2026-08-22T22:00:00,30.49,7.39,16.4,7.82,5.77,3.2,26.9,18.8,0,0.0
1200,2,2026-08-22T23:00:00,32.04,6.96,17.11,10.18,6.08,2.86,27.3,21.4,0,0.0
1201,2,2026-08-23T00:00:00,94.51,5.85,14.0,8.67,6.82,2.87,27.6,22.1,1,0.5831
1202,2,2026-08-23T01:00:00,30.73,6.53,14.63,9.89,5.54,3.1,27.4,11.6,0,0.0
1203,2,2026-08-23T02:00:00,39.98,7.16,14.71,9.42,5.72,3.04,28.6,9.0,0,0.0
1204,2,2026-08-23T03:00:00,29.47,7.33,17.07,8.99,6.35,3.26,29.1,14.8,0,0.0
1205,2,2026-08-23T04:00:00,29.83,6.47,13.4,10.94,5.25,2.97,28.5,21.0,0,0.0
1206,2,2026-08-23T05:00:00,34.8,6.3,17.47,8.88,5.63,2.79,30.1,15.9,0,0.0
1207,2,2026-08-23T06:00:00,31.49,7.65,15.6,9.61,5.35,3.15,29.7,19.8,0,0.0
1208,2,2026-08-23T07:00:00,37.88,6.49,15.9,9.65,5.23,2.69,30.6,17.6,0,0.0
1209,2,2026-08-23T08:00:00,61.49,12.06,31.41,18.78,11.78,5.52,31.1,30.6,0,0.0
1210,2,2026-08-23T09:00:00,69.03,14.21,43.56,17.24,12.79,5.92,34.4,36.5,0,0.0
1211,2,2026-08-23T10:00:00,64.26,12.25,33.87,20.51,11.62,6.59,32.5,28.1,0,0.0
1212,2,2026-08-23T11:00:00,71.99,12.93,37.79,18.81,12.14,5.73,33.8,34.1,0,0.0
1213,2,2026-08-23T12:00:00,67.9,15.46,35.32,19.73,12.76,5.29,31.8,33.1,0,0.0
1214,2,2026-08-23T13:00:00,71.54,14.3,37.57,18.63,12.98,5.74,33.2,32.1,0,0.0
1215,2,2026-08-23T14:00:00,66.89,14.11,34.01,21.92,11.36,6.45,31.4,28.0,0,0.0
1216,2,2026-08-23T15:00:00,69.81,13.29,36.02,17.16,11.13,5.39,31.2,18.4,0,0.0
1217,2,2026-08-23T16:00:00,67.85,13.5,35.17,20.01,11.95,5.61,32.4,27.1,0,0.0
1218,2,2026-08-23T17:00:00,67.78,14.09,34.8,18.95,12.79,6.12,30.5,32.6,0,0.0
1219,2,2026-08-23T18:00:00,36.67,7.24,15.11,11.15,6.21,2.89,28.8,14.7,0,0.0
1220,2,2026-08-23T19:00:00,30.72,6.45,14.63,8.67,6.1,3.2,28.8,19.3,0,0.0
1221,2,2026-08-23T20:00:00,32.63,6.94,14.25,8.62,6.48,2.99,27.8,12.5,0,0.0
1222,2,2026-08-23T21:00:00,27.6,5.55,15.21,8.15,6.72,3.12,28.0,17.0,0,0.0
1223,2,2026-08-23T22:00:00,35.05,6.48,14.97,9.34,6.71,2.99,25.9,21.0,0,0.0
1224,2,2026-08-23T23:00:00,29.47,6.31,14.52,9.35,6.36,3.31,25.8,17.1,0,0.0
1225,2,2026-08-24T00:00:00,46.71,9.6,19.84,12.18,7.94,3.7,26.5,22.7,0,0.0
1226,2,2026-08-24T01:00:00,44.91,9.27,19.58,11.19,7.68,3.84,27.3,19.4,0,0.0
1227,2,2026-08-24T02:00:00,47.24,7.92,19.11,13.31,6.94,4.61,28.4,13.4,0,0.0
1228,2,2026-08-24T03:00:00,39.87,8.27,20.3,12.65,7.21,4.06,28.9,17.9,0,0.0
1229,2,2026-08-24T04:00:00,43.55,9.27,18.92,11.76,7.67,3.99,27.9,12.0,0,0.0
1230,2,2026-08-24T05:00:00,42.57,7.99,24.26,12.02,6.12,3.7,29.9,15.9,0,0.0
1231,2,2026-08-24T06:00:00,38.78,8.77,21.07,12.09,8.47,3.92,31.0,17.0,0,0.0
1232,2,2026-08-24T07:00:00,153.96,31.55,80.31,45.98,29.53,14.33,31.2,62.8,0,0.0
1233,2,2026-08-24T08:00:00,179.53,37.94,83.78,45.24,30.59,15.3,31.9,81.8,0,0.0
1234,2,2026-08-24T09:00:00,156.88,35.16,84.33,52.15,29.19,14.9,32.4,78.4,0,0.0
1235,2,2026-08-24T10:00:00,237.17,42.33,116.15,54.51,36.18,17.81,32.2,98.2,0,0.0
1236,2,2026-08-24T11:00:00,190.57,45.58,85.06,60.05,42.38,17.73,32.4,94.2,0,0.0
1237,2,2026-08-24T12:00:00,190.68,39.64,118.74,64.09,35.21,16.77,32.8,99.3,0,0.0
1238,2,2026-08-24T13:00:00,195.34,41.97,119.57,58.6,35.12,19.74,32.5,94.2,0,0.0
1239,2,2026-08-24T14:00:00,216.02,32.94,103.38,68.04,38.93,20.9,31.6,94.2,0,0.0
1240,2,2026-08-24T15:00:00,218.39,39.06,103.09,66.85,34.93,18.17,31.1,88.5,0,0.0
1241,2,2026-08-24T16:00:00,194.08,39.94,103.24,63.64,38.11,19.79,30.1,93.7,0,0.0
1242,2,2026-08-24T17:00:00,456.66,38.44,348.7,51.89,35.44,20.63,30.5,98.8,1,0.6206
1243,2,2026-08-24T18:00:00,151.69,29.23,69.52,43.73,28.81,12.72,28.2,53.0,0,0.0
1244,2,2026-08-24T19:00:00,150.73,32.06,62.63,40.55,23.65,14.13,28.2,60.1,0,0.0
1245,2,2026-08-24T20:00:00,135.67,28.22,66.96,42.93,26.91,15.16,26.3,60.7,0,0.0
1246,2,2026-08-24T21:00:00,46.63,9.98,20.27,13.46,8.03,4.57,27.0,19.4,0,0.0
1247,2,2026-08-24T22:00:00,43.3,8.8,18.67,11.86,8.33,3.2,28.0,23.0,0,0.0
1248,2,2026-08-24T23:00:00,44.04,8.79,23.3,9.98,8.16,3.78,27.1,21.9,0,0.0
1249,2,2026-08-25T00:00:00,42.25,9.12,18.62,11.42,8.72,3.96,26.9,15.9,0,0.0
1250,2,2026-08-25T01:00:00,47.9,8.92,18.16,13.59,7.08,3.85,26.1,21.1,0,0.0
1251,2,2026-08-25T02:00:00,46.18,9.65,19.9,11.92,8.32,3.62,28.1,29.3,0,0.0
1252,2,2026-08-25T03:00:00,41.68,8.5,19.8,12.1,8.6,4.01,28.5,23.9,0,0.0
1253,2,2026-08-25T04:00:00,47.66,8.32,19.77,11.18,7.1,4.16,28.8,23.3,0,0.0
1254,2,2026-08-25T05:00:00,47.33,9.86,20.33,14.71,8.49,3.66,30.0,20.8,0,0.0
1255,2,2026-08-25T06:00:00,49.58,9.68,22.49,13.06,7.32,4.22,30.3,20.6,0,0.0
1256,2,2026-08-25T07:00:00,169.43,31.44,75.76,37.75,30.29,13.5,31.0,67.9,0,0.0
1257,2,2026-08-25T08:00:00,171.38,31.42,82.64,49.81,31.83,15.71,31.7,80.3,0,0.0
1258,2,2026-08-25T09:00:00,549.56,37.91,102.3,48.41,31.34,15.61,33.2,88.5,1,0.5888
1259,2,2026-08-25T10:00:00,223.54,37.82,123.84,53.89,41.01,17.92,32.2,94.5,0,0.0
1260,2,2026-08-25T11:00:00,232.61,44.53,120.22,61.35,41.52,16.56,33.2,93.2,0,0.0
1261,2,2026-08-25T12:00:00,177.16,48.35,110.9,57.45,37.81,18.18,34.2,88.3,0,0.0
1262,2,2026-08-25T13:00:00,234.56,42.27,122.76,60.52,36.74,20.05,32.5,100.0,0,0.0
1263,2,2026-08-25T14:00:00,223.07,40.44,121.26,60.16,34.56,17.16,33.6,96.4,0,0.0
1264,2,2026-08-25T15:00:00,194.63,43.88,108.63,61.11,39.75,17.98,31.5,94.1,0,0.0
1265,2,2026-08-25T16:00:00,210.74,38.87,102.57,57.14,41.99,19.94,29.6,100.0,0,0.0
1266,2,2026-08-25T17:00:00,204.67,95.1,98.87,52.51,36.11,17.18,29.2,94.7,1,0.0
1267,2,2026-08-25T18:00:00,136.59,31.62,63.86,39.26,20.68,14.13,29.5,63.1,0,0.0
1268,2,2026-08-25T19:00:00,171.08,30.08,65.33,41.31,24.39,14.0,27.5,62.6,0,0.0
1269,2,2026-08-25T20:00:00,132.16,31.94,65.92,34.92,26.56,12.46,27.1,70.6,0,0.0
1270,2,2026-08-25T21:00:00,45.79,10.02,18.97,12.15,8.61,4.14,27.8,10.5,0,0.0
1271,2,2026-08-25T22:00:00,42.69,7.78,22.09,12.23,8.27,3.91,26.6,31.5,0,0.0
1272,2,2026-08-25T23:00:00,45.21,9.95,20.67,13.11,7.36,3.68,25.3,21.6,0,0.0
1273,2,2026-08-26T00:00:00,46.27,10.04,16.37,13.88,7.3,4.54,26.2,18.7,0,0.0
1274,2,2026-08-26T01:00:00,44.67,9.45,19.84,11.59,7.6,4.07,28.4,15.7,0,0.0
1275,2,2026-08-26T02:00:00,43.14,9.33,16.68,12.36,8.37,3.83,27.2,25.1,0,0.0
1276,2,2026-08-26T03:00:00,40.1,7.54,22.12,12.81,7.47,3.74,28.1,20.3,0,0.0
1277,2,2026-08-26T04:00:00,41.88,10.19,19.29,11.79,7.01,4.13,28.4,21.7,0,0.0
1278,2,2026-08-26T05:00:00,40.88,9.49,20.39,12.69,8.32,4.04,29.8,22.0,0,0.0
1279,2,2026-08-26T06:00:00,48.59,9.15,21.71,13.62,7.97,4.02,30.6,18.1,0,0.0
1280,2,2026-08-26T07:00:00,135.07,33.25,87.61,37.4,23.61,14.51,31.6,75.1,0,0.0
1281,2,2026-08-26T08:00:00,167.9,33.17,82.29,43.76,29.99,15.9,31.2,78.5,0,0.0
1282,2,2026-08-26T09:00:00,185.86,35.96,75.1,48.04,31.54,15.7,31.7,80.5,0,0.0
1283,2,2026-08-26T10:00:00,208.21,38.59,95.34,59.21,34.71,15.23,31.3,89.6,0,0.0
1284,2,2026-08-26T11:00:00,188.78,40.55,115.06,57.24,41.69,21.54,33.0,94.6,0,0.0
1285,2,2026-08-26T12:00:00,191.35,37.8,94.48,61.83,37.69,20.97,32.8,98.2,0,0.0
1286,2,2026-08-26T13:00:00,226.3,43.35,112.67,54.37,41.94,21.85,31.9,95.4,0,0.0
1287,2,2026-08-26T14:00:00,210.41,40.04,110.63,62.24,36.77,16.83,32.5,96.9,0,0.0
1288,2,2026-08-26T15:00:00,187.32,47.57,119.38,52.43,41.01,19.26,31.4,98.0,0,0.0
1289,2,2026-08-26T16:00:00,212.72,41.89,109.57,53.13,40.6,18.56,31.6,98.3,0,0.0
1290,2,2026-08-26T17:00:00,222.73,45.89,99.06,69.86,38.58,21.12,30.0,100.0,0,0.0
1291,2,2026-08-26T18:00:00,151.03,26.96,56.37,42.14,25.87,12.01,27.6,66.7,0,0.0
1292,2,2026-08-26T19:00:00,153.76,27.3,68.36,41.4,28.86,14.26,28.5,70.8,0,0.0
1293,2,2026-08-26T20:00:00,152.1,35.58,65.37,37.49,28.19,13.3,28.4,60.5,0,0.0
1294,2,2026-08-26T21:00:00,45.71,9.83,22.65,12.48,6.98,3.53,27.2,29.6,0,0.0
1295,2,2026-08-26T22:00:00,40.79,9.52,17.8,16.2,8.79,3.72,27.3,23.6,0,0.0
1296,2,2026-08-26T23:00:00,43.15,9.93,19.41,12.89,8.01,4.13,27.4,22.1,0,0.0
1297,2,2026-08-27T00:00:00,38.39,8.41,20.83,10.52,7.67,3.84,26.4,21.5,0,0.0
1298,2,2026-08-27T01:00:00,51.3,10.35,19.65,10.59,8.55,4.15,28.0,21.9,0,0.0
1299,2,2026-08-27T02:00:00,44.05,10.14,20.85,11.98,7.52,3.67,26.9,29.1,0,0.0
1300,2,2026-08-27T03:00:00,45.52,8.49,22.81,12.68,7.36,4.03,29.8,20.7,0,0.0
1301,2,2026-08-27T04:00:00,43.07,8.85,22.19,13.13,9.25,3.83,29.2,19.4,0,0.0
1302,2,2026-08-27T05:00:00,40.97,9.76,16.97,12.81,8.65,3.71,28.8,25.2,0,0.0
1303,2,2026-08-27T06:00:00,40.08,9.37,22.31,11.87,8.06,4.21,30.3,18.7,0,0.0
1304,2,2026-08-27T07:00:00,156.71,33.09,81.26,42.33,28.21,13.46,31.5,66.2,0,0.0
1305,2,2026-08-27T08:00:00,161.81,32.32,76.02,42.9,30.08,13.44,33.0,78.5,0,0.0
1306,2,2026-08-27T09:00:00,475.93,36.57,93.5,47.42,33.62,16.29,30.7,82.5,1,0.5779
1307,2,2026-08-27T10:00:00,549.61,49.13,94.21,60.02,40.34,20.52,32.7,94.1,1,0.6048
1308,2,2026-08-27T11:00:00,226.94,52.61,105.72,54.21,32.64,19.54,32.7,99.2,0,0.0
1309,2,2026-08-27T12:00:00,188.29,40.09,130.02,64.19,38.2,19.32,33.6,89.8,0,0.0
1310,2,2026-08-27T13:00:00,212.33,46.45,130.95,57.52,41.49,19.99,33.3,98.3,0,0.0
1311,2,2026-08-27T14:00:00,215.23,48.52,126.88,56.26,40.31,20.37,30.9,91.1,0,0.0
1312,2,2026-08-27T15:00:00,228.64,41.8,113.67,66.28,32.78,17.27,32.0,92.6,0,0.0
1313,2,2026-08-27T16:00:00,215.01,44.49,96.7,43.76,38.89,18.09,31.4,88.6,0,0.0
1314,2,2026-08-27T17:00:00,199.72,41.75,99.8,53.15,41.07,19.14,30.1,96.5,0,0.0
1315,2,2026-08-27T18:00:00,140.77,29.55,63.03,39.84,24.19,12.84,29.7,60.8,0,0.0
1316,2,2026-08-27T19:00:00,151.14,28.77,69.95,45.37,25.36,13.02,29.3,62.3,0,0.0
1317,2,2026-08-27T20:00:00,143.81,30.12,78.45,38.98,25.05,11.78,27.1,68.3,0,0.0
1318,2,2026-08-27T21:00:00,47.27,9.67,20.63,12.23,7.16,3.59,27.1,16.2,0,0.0
1319,2,2026-08-27T22:00:00,45.88,8.89,18.75,13.65,7.23,4.06,26.9,13.3,0,0.0
1320,2,2026-08-27T23:00:00,47.76,10.22,17.7,12.05,8.75,4.01,26.8,12.0,0,0.0
1321,2,2026-08-28T00:00:00,37.93,8.46,20.52,11.75,7.53,4.25,28.1,26.9,0,0.0
1322,2,2026-08-28T01:00:00,40.96,7.19,19.12,12.34,7.81,4.16,27.7,17.2,0,0.0
1323,2,2026-08-28T02:00:00,40.67,9.76,19.38,12.54,8.87,4.28,28.1,13.2,0,0.0
1324,2,2026-08-28T03:00:00,41.16,9.09,20.04,11.75,7.94,3.92,29.1,14.4,0,0.0
1325,2,2026-08-28T04:00:00,42.72,8.26,19.57,15.8,8.34,3.68,28.4,16.0,0,0.0
1326,2,2026-08-28T05:00:00,39.58,8.12,20.86,12.52,8.48,4.12,28.4,21.3,0,0.0
1327,2,2026-08-28T06:00:00,43.46,7.95,21.57,11.09,8.41,4.45,31.0,21.8,0,0.0
1328,2,2026-08-28T07:00:00,159.02,27.59,81.62,44.21,29.26,11.77,30.3,74.5,0,0.0
1329,2,2026-08-28T08:00:00,173.15,34.09,83.12,49.22,29.51,12.57,31.9,77.8,0,0.0
1330,2,2026-08-28T09:00:00,192.57,33.51,95.97,48.91,32.48,15.43,31.5,73.3,0,0.0
1331,2,2026-08-28T10:00:00,199.17,37.04,119.78,53.75,37.7,19.18,32.6,92.0,0,0.0
1332,2,2026-08-28T11:00:00,209.01,42.12,94.74,56.87,40.59,17.84,32.3,100.0,0,0.0
1333,2,2026-08-28T12:00:00,218.18,49.18,103.83,52.81,39.77,17.63,33.2,95.4,0,0.0
1334,2,2026-08-28T13:00:00,215.04,45.49,108.35,59.64,38.97,16.82,31.6,94.7,0,0.0
1335,2,2026-08-28T14:00:00,229.53,45.74,104.71,57.63,41.99,20.93,31.5,91.2,0,0.0
1336,2,2026-08-28T15:00:00,201.48,47.11,104.07,60.9,33.59,18.73,31.4,84.8,0,0.0
1337,2,2026-08-28T16:00:00,187.01,40.47,101.91,61.91,39.05,21.68,30.8,100.0,0,0.0
1338,2,2026-08-28T17:00:00,210.97,45.04,105.56,68.33,32.83,19.78,30.2,98.3,0,0.0
1339,2,2026-08-28T18:00:00,138.02,29.23,63.86,41.84,27.36,13.49,30.4,70.6,0,0.0
1340,2,2026-08-28T19:00:00,151.83,27.12,61.31,41.94,26.57,13.35,27.3,60.0,0,0.0
1341,2,2026-08-28T20:00:00,162.61,27.32,62.35,39.98,25.36,13.76,26.3,58.1,0,0.0
1342,2,2026-08-28T21:00:00,39.56,8.14,23.8,10.97,7.8,4.47,27.4,25.7,0,0.0
1343,2,2026-08-28T22:00:00,47.23,9.56,22.71,12.13,8.08,4.18,26.9,15.2,0,0.0
1344,2,2026-08-28T23:00:00,45.79,9.33,20.13,12.39,7.12,4.29,25.7,16.5,0,0.0
1345,2,2026-08-29T00:00:00,32.08,7.9,15.77,9.13,5.99,3.32,26.6,16.2,0,0.0
1346,2,2026-08-29T01:00:00,34.89,7.53,13.46,9.96,5.73,2.94,25.7,18.4,0,0.0
1347,2,2026-08-29T02:00:00,30.0,6.19,15.19,7.23,5.18,3.08,27.7,14.7,0,0.0
1348,2,2026-08-29T03:00:00,29.49,6.92,15.3,9.42,5.76,3.23,28.1,28.1,0,0.0
1349,2,2026-08-29T04:00:00,25.11,6.27,18.38,9.62,5.94,3.2,29.2,17.8,0,0.0
1350,2,2026-08-29T05:00:00,29.17,6.47,14.53,9.87,6.18,2.94,29.2,17.9,0,0.0
1351,2,2026-08-29T06:00:00,33.85,7.38,15.86,9.8,5.59,3.23,29.8,17.7,0,0.0
1352,2,2026-08-29T07:00:00,34.14,6.53,18.6,9.65,5.91,3.7,31.6,15.2,0,0.0
1353,2,2026-08-29T08:00:00,66.37,13.79,36.05,16.77,11.74,6.32,32.4,36.3,0,0.0
1354,2,2026-08-29T09:00:00,66.07,14.36,36.83,19.89,12.52,6.23,31.2,34.8,0,0.0
1355,2,2026-08-29T10:00:00,58.52,11.75,37.23,17.12,10.38,6.65,33.3,24.3,0,0.0
1356,2,2026-08-29T11:00:00,74.45,13.15,40.18,20.01,11.51,6.25,33.9,31.9,0,0.0
1357,2,2026-08-29T12:00:00,72.03,11.85,31.73,19.21,12.83,6.67,33.1,27.4,0,0.0
1358,2,2026-08-29T13:00:00,67.59,13.2,38.46,18.17,12.08,7.27,32.7,35.1,0,0.0
1359,2,2026-08-29T14:00:00,67.25,13.11,32.41,16.61,12.24,5.4,30.2,20.9,0,0.0
1360,2,2026-08-29T15:00:00,62.83,14.07,32.12,16.47,11.89,6.03,29.9,25.9,0,0.0
1361,2,2026-08-29T16:00:00,62.17,14.62,28.88,18.7,11.52,5.57,29.8,33.8,0,0.0
1362,2,2026-08-29T17:00:00,61.77,13.93,36.22,19.55,12.16,6.62,29.7,24.8,0,0.0
1363,2,2026-08-29T18:00:00,32.29,6.64,15.36,9.35,6.46,2.82,28.4,20.0,0,0.0
1364,2,2026-08-29T19:00:00,29.41,6.71,12.84,9.22,5.28,3.16,28.6,16.0,0,0.0
1365,2,2026-08-29T20:00:00,33.45,6.77,14.05,10.36,5.38,2.94,27.0,14.0,0,0.0
1366,2,2026-08-29T21:00:00,36.84,5.74,14.2,10.86,5.43,2.93,25.7,17.7,0,0.0
1367,2,2026-08-29T22:00:00,34.21,6.31,14.29,9.55,5.46,2.97,26.2,26.3,0,0.0
1368,2,2026-08-29T23:00:00,29.24,5.77,13.82,10.94,5.39,2.97,26.0,15.4,0,0.0
1369,2,2026-08-30T00:00:00,30.7,6.83,15.62,10.5,6.0,2.98,27.0,13.6,0,0.0
1370,2,2026-08-30T01:00:00,31.62,7.55,15.38,9.46,6.46,3.27,27.0,17.5,0,0.0
1371,2,2026-08-30T02:00:00,36.76,7.18,14.45,8.18,5.91,3.12,28.0,11.9,0,0.0
1372,2,2026-08-30T03:00:00,30.36,6.45,15.06,9.6,6.18,2.94,28.1,14.8,0,0.0
1373,2,2026-08-30T04:00:00,33.17,13.12,14.65,9.5,5.94,2.79,28.3,16.9,1,0.0
1374,2,2026-08-30T05:00:00,32.56,7.21,15.71,8.82,6.1,2.47,29.3,9.9,0,0.0
1375,2,2026-08-30T06:00:00,38.43,6.33,15.07,9.7,5.7,3.11,29.2,18.4,0,0.0
1376,2,2026-08-30T07:00:00,33.66,6.6,16.13,8.63,6.13,3.01,31.5,21.1,0,0.0
1377,2,2026-08-30T08:00:00,64.97,14.22,37.32,19.39,11.0,5.78,31.2,27.9,0,0.0
1378,2,2026-08-30T09:00:00,63.92,14.44,37.04,19.26,11.09,6.32,32.8,22.1,0,0.0
1379,2,2026-08-30T10:00:00,68.57,11.59,34.38,18.37,10.75,6.64,32.8,27.2,0,0.0
1380,2,2026-08-30T11:00:00,73.15,12.85,34.76,16.34,11.33,6.53,32.3,29.6,0,0.0
1381,2,2026-08-30T12:00:00,64.52,12.99,34.39,19.24,11.61,7.77,32.8,26.2,0,0.0
1382,2,2026-08-30T13:00:00,104.77,13.92,70.75,17.82,10.54,5.67,32.7,29.1,1,0.0
1383,2,2026-08-30T14:00:00,63.43,14.29,35.72,17.5,9.74,5.58,31.2,31.0,0,0.0
1384,2,2026-08-30T15:00:00,63.57,12.41,33.13,20.95,9.88,5.89,30.8,21.3,0,0.0
1385,2,2026-08-30T16:00:00,70.46,14.51,32.36,17.21,11.66,5.41,29.7,31.2,0,0.0
1386,2,2026-08-30T17:00:00,69.38,14.43,31.38,17.48,12.27,6.54,27.8,25.3,0,0.0
1387,2,2026-08-30T18:00:00,31.92,6.61,16.59,9.38,5.73,3.36,29.5,14.2,0,0.0
1388,2,2026-08-30T19:00:00,29.25,7.12,15.12,8.9,5.85,2.97,28.1,6.5,0,0.0
1389,2,2026-08-30T20:00:00,33.3,6.8,13.21,9.1,6.21,3.05,26.3,15.4,0,0.0
1390,2,2026-08-30T21:00:00,30.44,7.45,17.38,10.22,5.51,3.2,28.3,13.9,0,0.0
1391,2,2026-08-30T22:00:00,34.49,7.03,15.92,8.84,5.84,2.86,27.6,23.5,0,0.0
1392,2,2026-08-30T23:00:00,37.59,7.12,16.77,10.41,5.48,2.74,27.4,9.4,0,0.0
1393,2,2026-08-31T00:00:00,50.7,8.82,22.69,13.96,8.24,4.64,26.2,22.5,0,0.0
1394,2,2026-08-31T01:00:00,44.68,9.59,15.77,10.88,7.55,3.69,25.9,17.6,0,0.0
1395,2,2026-08-31T02:00:00,44.51,9.35,19.15,13.15,8.53,4.2,28.2,26.3,0,0.0
1396,2,2026-08-31T03:00:00,36.95,9.97,23.49,11.4,8.3,3.85,27.1,28.6,0,0.0
1397,2,2026-08-31T04:00:00,40.79,7.8,18.16,12.45,6.33,3.84,28.8,22.9,0,0.0
1398,2,2026-08-31T05:00:00,43.16,9.9,21.17,12.53,8.46,3.92,27.2,16.3,0,0.0
1399,2,2026-08-31T06:00:00,43.92,8.45,24.68,12.36,7.69,4.64,30.9,22.0,0,0.0
1400,2,2026-08-31T07:00:00,153.2,31.97,76.27,45.59,25.82,13.7,31.0,66.3,0,0.0
1401,2,2026-08-31T08:00:00,173.92,32.36,90.15,46.34,29.66,14.47,31.0,78.2,0,0.0
1402,2,2026-08-31T09:00:00,186.72,30.01,82.28,51.43,33.93,17.75,32.3,71.9,0,0.0
1403,2,2026-08-31T10:00:00,210.26,44.52,111.98,61.84,41.63,19.05,32.7,97.1,0,0.0
1404,2,2026-08-31T11:00:00,221.23,44.69,104.19,67.57,41.63,22.92,33.6,92.2,0,0.0
1405,2,2026-08-31T12:00:00,198.01,48.6,106.11,57.86,42.38,19.87,31.8,93.6,0,0.0
1406,2,2026-08-31T13:00:00,201.82,39.44,106.74,55.92,37.38,18.3,32.0,92.7,0,0.0
1407,2,2026-08-31T14:00:00,185.08,38.2,106.8,53.8,37.53,20.05,32.1,90.9,0,0.0
1408,2,2026-08-31T15:00:00,208.68,41.74,102.41,68.54,36.25,20.83,30.6,100.0,0,0.0
1409,2,2026-08-31T16:00:00,239.07,40.29,105.75,63.58,39.31,17.15,30.8,98.7,0,0.0
1410,2,2026-08-31T17:00:00,221.46,39.46,100.12,59.46,41.56,18.82,29.6,97.9,0,0.0
1411,2,2026-08-31T18:00:00,148.04,30.74,76.72,42.31,23.18,13.91,29.5,61.8,0,0.0
1412,2,2026-08-31T19:00:00,140.55,26.23,68.78,33.21,25.09,14.31,29.1,63.4,0,0.0
1413,2,2026-08-31T20:00:00,133.07,31.83,66.2,37.42,25.25,11.35,27.2,62.6,0,0.0
1414,2,2026-08-31T21:00:00,46.13,10.15,17.05,13.5,7.49,4.31,26.9,18.3,0,0.0
1415,2,2026-08-31T22:00:00,41.11,8.54,19.68,11.42,9.24,4.07,27.1,15.2,0,0.0
1416,2,2026-08-31T23:00:00,42.54,8.77,17.12,13.13,8.3,4.21,26.7,18.8,0,0.0
1417,2,2026-09-01T00:00:00,44.41,10.14,20.4,13.5,8.66,4.16,27.4,16.8,0,0.0
1418,2,2026-09-01T01:00:00,48.47,9.08,16.96,13.17,7.06,3.91,27.2,21.9,0,0.0
1419,2,2026-09-01T02:00:00,42.4,9.02,21.34,13.33,7.55,3.2,28.4,20.7,0,0.0
1420,2,2026-09-01T03:00:00,41.65,8.48,18.2,11.48,7.36,3.83,27.4,24.1,0,0.0
1421,2,2026-09-01T04:00:00,42.29,9.39,19.82,12.43,7.67,4.46,28.4,17.4,0,0.0
1422,2,2026-09-01T05:00:00,39.94,9.65,23.65,11.75,7.89,4.13,30.8,12.6,0,0.0
1423,2,2026-09-01T06:00:00,38.72,8.05,19.2,11.44,7.77,4.09,31.8,16.5,0,0.0
1424,2,2026-09-01T07:00:00,143.96,33.28,77.11,41.07,29.18,12.77,29.3,69.0,0,0.0
1425,2,2026-09-01T08:00:00,146.26,38.09,95.57,48.01,31.44,14.73,33.0,70.4,0,0.0
1426,2,2026-09-01T09:00:00,160.29,33.46,99.11,49.67,29.61,16.67,32.1,67.8,0,0.0
1427,2,2026-09-01T10:00:00,210.39,49.93,112.44,67.08,40.61,17.99,31.6,92.4,0,0.0
1428,2,2026-09-01T11:00:00,221.91,46.48,109.22,58.81,34.64,19.77,33.9,91.6,0,0.0
1429,2,2026-09-01T12:00:00,380.43,47.1,270.32,55.02,34.43,20.65,32.4,94.8,1,0.5963
1430,2,2026-09-01T13:00:00,193.33,39.13,103.59,62.65,37.09,19.41,30.8,97.2,0,0.0
1431,2,2026-09-01T14:00:00,206.66,47.76,100.83,57.43,36.06,16.97,31.9,92.8,0,0.0
1432,2,2026-09-01T15:00:00,195.66,47.07,104.2,57.83,37.19,16.14,30.4,90.7,0,0.0
1433,2,2026-09-01T16:00:00,218.14,46.14,109.4,59.59,40.14,20.03,31.3,93.7,0,0.0
1434,2,2026-09-01T17:00:00,164.24,42.95,88.02,63.0,34.19,16.85,29.4,93.9,0,0.0
1435,2,2026-09-01T18:00:00,147.04,32.66,67.09,37.07,29.43,12.95,28.2,68.7,0,0.0
1436,2,2026-09-01T19:00:00,131.47,29.68,66.38,38.38,27.41,13.07,27.2,67.9,0,0.0
1437,2,2026-09-01T20:00:00,133.2,29.73,64.64,35.5,29.52,11.45,27.9,65.4,0,0.0
1438,2,2026-09-01T21:00:00,39.79,8.96,18.88,12.04,7.93,3.87,26.4,13.7,0,0.0
1439,2,2026-09-01T22:00:00,49.55,8.4,20.26,13.6,8.91,3.92,25.3,26.3,0,0.0
1440,2,2026-09-01T23:00:00,43.86,9.49,18.69,11.84,7.77,4.19,25.9,22.8,0,0.0
1441,2,2026-09-02T00:00:00,44.86,9.19,18.19,12.33,8.07,4.18,27.5,12.2,0,0.0
1442,2,2026-09-02T01:00:00,42.33,7.66,19.75,10.52,7.39,4.13,27.1,15.7,0,0.0
1443,2,2026-09-02T02:00:00,45.65,8.96,20.87,11.9,7.45,4.04,28.2,23.1,0,0.0
1444,2,2026-09-02T03:00:00,47.58,9.76,19.47,11.32,7.17,4.32,27.3,17.3,0,0.0
1445,2,2026-09-02T04:00:00,40.42,9.01,20.39,12.25,8.01,4.1,27.3,20.3,0,0.0
1446,2,2026-09-02T05:00:00,78.03,8.92,53.12,12.94,8.28,3.69,29.9,25.3,1,0.0
1447,2,2026-09-02T06:00:00,46.04,9.27,20.94,12.65,8.26,3.28,29.6,23.1,0,0.0
1448,2,2026-09-02T07:00:00,151.13,26.49,71.23,36.91,29.23,14.63,32.5,68.7,0,0.0
1449,2,2026-09-02T08:00:00,178.78,34.32,95.46,42.75,29.93,14.6,32.4,74.3,0,0.0
1450,2,2026-09-02T09:00:00,166.84,37.33,89.48,50.36,29.39,16.09,31.7,80.7,0,0.0
1451,2,2026-09-02T10:00:00,194.31,40.49,123.4,53.7,37.6,18.75,33.1,100.0,0,0.0
1452,2,2026-09-02T11:00:00,206.53,43.95,123.1,44.41,41.76,20.21,32.8,90.0,0,0.0
1453,2,2026-09-02T12:00:00,180.66,44.48,108.01,55.03,40.47,19.82,31.8,89.3,0,0.0
1454,2,2026-09-02T13:00:00,234.75,40.07,97.12,57.85,36.01,17.72,30.7,92.7,0,0.0
1455,2,2026-09-02T14:00:00,206.05,39.62,103.32,50.16,36.6,19.63,32.8,94.5,0,0.0
1456,2,2026-09-02T15:00:00,218.1,41.49,98.99,54.81,33.55,20.07,30.8,92.1,0,0.0
1457,2,2026-09-02T16:00:00,185.61,36.08,102.37,64.49,37.81,15.26,32.0,88.9,0,0.0
1458,2,2026-09-02T17:00:00,178.89,42.49,107.82,50.2,41.8,17.03,29.7,94.2,0,0.0
1459,2,2026-09-02T18:00:00,157.46,26.61,65.12,35.42,26.57,12.1,28.5,73.5,0,0.0
1460,2,2026-09-02T19:00:00,162.22,31.18,65.88,38.24,24.74,13.0,26.5,62.6,0,0.0
1461,2,2026-09-02T20:00:00,133.28,29.27,66.98,39.03,29.7,12.5,26.6,64.9,0,0.0
1462,2,2026-09-02T21:00:00,45.07,8.2,19.88,13.41,8.36,4.48,26.9,25.2,0,0.0
1463,2,2026-09-02T22:00:00,44.13,9.24,20.88,13.98,8.44,4.32,26.6,18.4,0,0.0
1464,2,2026-09-02T23:00:00,46.79,9.74,19.31,13.33,8.17,3.69,25.8,17.0,0,0.0
1465,2,2026-09-03T00:00:00,43.32,9.22,21.16,12.57,8.98,4.2,26.1,16.2,0,0.0
1466,2,2026-09-03T01:00:00,43.61,8.85,18.73,11.77,8.73,4.09,26.3,20.2,0,0.0
1467,2,2026-09-03T02:00:00,44.6,7.87,19.17,12.29,7.84,4.31,25.3,17.4,0,0.0
1468,2,2026-09-03T03:00:00,41.38,7.61,21.13,12.58,8.21,4.07,27.7,25.0,0,0.0
1469,2,2026-09-03T04:00:00,44.12,9.29,21.17,10.12,7.29,3.52,28.8,21.8,0,0.0
1470,2,2026-09-03T05:00:00,49.18,8.21,21.8,12.8,7.76,4.22,27.8,17.6,0,0.0
1471,2,2026-09-03T06:00:00,46.49,8.59,22.4,12.77,8.22,3.97,30.3,20.0,0,0.0
1472,2,2026-09-03T07:00:00,131.95,33.6,77.6,42.37,28.84,13.12,30.9,61.2,0,0.0
1473,2,2026-09-03T08:00:00,179.19,37.15,87.0,45.59,32.53,16.46,31.4,72.9,0,0.0
1474,2,2026-09-03T09:00:00,181.1,32.16,97.64,50.22,30.74,17.14,31.1,83.5,0,0.0
1475,2,2026-09-03T10:00:00,229.99,41.73,114.95,60.36,40.71,16.22,31.9,100.0,0,0.0
1476,2,2026-09-03T11:00:00,190.1,39.55,121.4,64.11,36.31,20.47,33.6,94.9,0,0.0
1477,2,2026-09-03T12:00:00,215.2,41.84,113.04,63.37,35.94,19.49,32.1,97.1,0,0.0
1478,2,2026-09-03T13:00:00,206.61,38.83,109.35,56.66,35.97,22.13,31.8,95.6,0,0.0
1479,2,2026-09-03T14:00:00,237.56,43.37,112.8,56.01,34.57,20.22,32.5,97.9,0,0.0
1480,2,2026-09-03T15:00:00,193.48,42.33,104.15,60.85,31.97,20.66,30.0,97.5,0,0.0
1481,2,2026-09-03T16:00:00,207.29,44.62,105.68,49.88,36.6,18.96,31.0,96.7,0,0.0
1482,2,2026-09-03T17:00:00,223.04,41.32,105.11,60.12,40.74,16.6,27.7,88.8,0,0.0
1483,2,2026-09-03T18:00:00,137.03,26.13,68.14,33.76,23.88,13.77,28.4,70.6,0,0.0
1484,2,2026-09-03T19:00:00,162.16,31.76,66.22,40.53,29.78,13.91,27.4,70.7,0,0.0
1485,2,2026-09-03T20:00:00,151.36,31.98,68.36,33.56,25.15,12.58,26.5,68.8,0,0.0
1486,2,2026-09-03T21:00:00,42.66,7.46,21.47,11.3,7.51,3.63,27.5,15.5,0,0.0
1487,2,2026-09-03T22:00:00,42.22,8.89,18.35,12.46,7.1,4.0,25.5,24.0,0,0.0
1488,2,2026-09-03T23:00:00,46.88,8.49,18.47,14.39,8.69,3.84,26.1,23.5,0,0.0
1489,3,2026-08-04T00:00:00,25.6,4.96,12.86,8.45,4.63,2.69,28.7,18.3,0,0.0
1490,3,2026-08-04T01:00:00,26.14,6.32,12.07,8.4,4.69,2.49,28.6,18.5,0,0.0
1491,3,2026-08-04T02:00:00,23.48,5.35,13.51,8.86,5.12,2.45,28.8,15.3,0,0.0
1492,3,2026-08-04T03:00:00,30.58,6.09,12.24,7.48,5.33,2.59,29.7,33.0,0,0.0
1493,3,2026-08-04T04:00:00,55.67,5.38,38.25,9.15,5.4,2.87,31.2,19.6,1,0.0
1494,3,2026-08-04T05:00:00,28.84,5.9,13.02,7.28,5.33,2.56,30.6,22.5,0,0.0
1495,3,2026-08-04T06:00:00,30.64,5.95,15.51,7.86,5.39,2.67,32.9,21.6,0,0.0
1496,3,2026-08-04T07:00:00,190.58,22.37,51.43,26.65,20.44,8.99,32.6,66.0,1,0.5607
1497,3,2026-08-04T08:00:00,97.61,22.74,47.67,27.79,19.85,9.53,32.5,78.2,0,0.0
1498,3,2026-08-04T09:00:00,96.28,24.0,53.58,27.06,22.21,11.05,34.2,79.5,0,0.0
1499,3,2026-08-04T10:00:00,133.41,27.73,74.68,40.28,24.34,12.44,33.7,97.3,0,0.0
1500,3,2026-08-04T11:00:00,142.12,27.55,69.91,35.33,23.95,13.71,34.2,98.9,0,0.0
1501,3,2026-08-04T12:00:00,139.16,26.17,67.16,35.13,22.29,13.2,32.8,91.1,0,0.0
1502,3,2026-08-04T13:00:00,120.44,24.13,66.0,37.07,25.12,11.27,34.0,100.0,0,0.0
1503,3,2026-08-04T14:00:00,123.23,28.59,71.05,35.09,22.99,12.36,32.3,99.1,0,0.0
1504,3,2026-08-04T15:00:00,147.31,29.89,84.54,38.1,23.86,10.66,32.8,97.7,0,0.0
1505,3,2026-08-04T16:00:00,139.29,26.1,59.07,37.32,24.44,12.33,31.3,98.6,0,0.0
1506,3,2026-08-04T17:00:00,160.04,24.33,67.8,42.12,22.18,13.05,29.3,86.0,0,0.0
1507,3,2026-08-04T18:00:00,90.09,19.43,52.95,27.77,17.93,8.71,31.1,65.6,0,0.0
1508,3,2026-08-04T19:00:00,87.69,17.67,46.71,24.08,17.06,8.14,30.4,70.6,0,0.0
1509,3,2026-08-04T20:00:00,94.18,17.21,39.37,22.42,19.22,8.83,29.1,70.6,0,0.0
1510,3,2026-08-04T21:00:00,26.31,5.44,13.91,7.42,4.97,2.91,30.1,25.5,0,0.0
1511,3,2026-08-04T22:00:00,29.04,6.45,12.91,6.8,5.53,2.6,28.4,20.7,0,0.0
1512,3,2026-08-04T23:00:00,24.99,5.68,14.34,7.9,5.2,2.72,29.0,20.9,0,0.0
1513,3,2026-08-05T00:00:00,31.29,5.88,12.49,7.57,5.01,2.72,29.3,22.4,0,0.0
1514,3,2026-08-05T01:00:00,25.11,5.8,12.58,7.81,4.31,2.51,27.6,15.5,0,0.0
1515,3,2026-08-05T02:00:00,27.41,6.09,15.07,7.45,4.67,2.53,28.2,11.8,0,0.0
1516,3,2026-08-05T03:00:00,25.27,5.31,12.14,7.79,5.09,2.44,29.6,17.2,0,0.0
1517,3,2026-08-05T04:00:00,30.91,5.87,12.86,8.22,4.89,2.82,30.0,20.5,0,0.0
1518,3,2026-08-05T05:00:00,27.03,5.29,14.48,6.8,4.8,2.6,30.8,20.9,0,0.0
1519,3,2026-08-05T06:00:00,30.38,5.26,13.34,7.95,5.33,2.54,32.0,20.8,0,0.0
1520,3,2026-08-05T07:00:00,92.61,19.94,54.63,27.99,16.15,8.66,34.2,65.6,0,0.0
1521,3,2026-08-05T08:00:00,100.45,19.59,45.62,30.03,19.91,9.44,32.6,77.6,0,0.0
1522,3,2026-08-05T09:00:00,109.46,22.8,67.51,34.32,19.96,10.6,34.1,86.0,0,0.0
1523,3,2026-08-05T10:00:00,134.63,27.27,67.9,38.07,23.62,11.85,34.8,94.7,0,0.0
1524,3,2026-08-05T11:00:00,137.64,23.87,82.1,38.21,23.42,14.72,33.2,100.0,0,0.0
1525,3,2026-08-05T12:00:00,128.76,27.77,66.85,38.8,23.64,12.73,34.7,93.9,0,0.0
1526,3,2026-08-05T13:00:00,140.1,29.2,67.4,43.99,24.59,10.74,33.1,99.6,0,0.0
1527,3,2026-08-05T14:00:00,143.91,28.3,73.91,37.0,27.19,12.24,33.8,100.0,0,0.0
1528,3,2026-08-05T15:00:00,137.82,27.74,78.82,35.48,25.6,13.45,33.4,90.9,0,0.0
1529,3,2026-08-05T16:00:00,130.33,24.09,72.4,40.84,26.43,11.64,33.4,100.0,0,0.0
1530,3,2026-08-05T17:00:00,130.36,23.13,57.8,34.65,24.89,12.4,29.9,100.0,0,0.0
1531,3,2026-08-05T18:00:00,93.34,18.17,40.8,30.52,16.67,7.43,29.7,60.1,0,0.0
1532,3,2026-08-05T19:00:00,104.56,17.76,44.77,24.17,17.65,8.63,29.5,66.9,0,0.0
1533,3,2026-08-05T20:00:00,89.19,18.62,38.69,26.23,16.93,6.91,28.2,66.4,0,0.0
1534,3,2026-08-05T21:00:00,28.79,6.02,11.38,8.25,5.26,3.08,29.1,22.3,0,0.0
1535,3,2026-08-05T22:00:00,29.11,5.36,10.3,7.88,4.65,2.7,28.6,16.7,0,0.0
1536,3,2026-08-05T23:00:00,27.14,5.69,12.14,8.34,5.14,2.61,27.7,19.4,0,0.0
1537,3,2026-08-06T00:00:00,27.35,4.49,14.4,7.59,4.26,2.73,27.2,20.0,0,0.0
1538,3,2026-08-06T01:00:00,32.78,6.06,12.81,6.73,4.67,3.03,30.0,22.7,0,0.0
1539,3,2026-08-06T02:00:00,28.55,5.34,14.44,7.74,5.11,2.7,28.8,24.4,0,0.0
1540,3,2026-08-06T03:00:00,27.96,5.28,12.57,7.29,5.16,2.86,29.9,22.7,0,0.0
1541,3,2026-08-06T04:00:00,31.21,5.49,14.94,8.28,4.96,2.78,30.2,14.1,0,0.0
1542,3,2026-08-06T05:00:00,24.16,5.16,12.94,7.77,4.89,2.65,30.5,16.6,0,0.0
1543,3,2026-08-06T06:00:00,27.81,5.75,14.91,8.15,5.09,2.51,32.5,18.7,0,0.0
1544,3,2026-08-06T07:00:00,103.36,17.69,59.82,28.97,16.8,8.95,33.2,64.8,0,0.0
1545,3,2026-08-06T08:00:00,113.41,20.56,52.68,28.25,19.7,9.55,34.0,75.2,0,0.0
1546,3,2026-08-06T09:00:00,116.86,23.55,71.87,32.16,19.99,9.18,33.9,80.1,0,0.0
1547,3,2026-08-06T10:00:00,143.04,26.14,75.0,39.01,25.7,11.48,32.9,100.0,0,0.0
1548,3,2026-08-06T11:00:00,269.77,27.84,74.53,29.85,21.86,12.91,32.9,94.8,1,0.0
1549,3,2026-08-06T12:00:00,116.78,23.62,69.08,34.02,24.1,11.92,32.3,86.3,0,0.0
1550,3,2026-08-06T13:00:00,133.56,28.46,76.37,33.93,24.16,11.47,33.6,88.1,0,0.0
1551,3,2026-08-06T14:00:00,132.59,25.13,77.6,36.89,22.2,14.04,32.2,92.2,0,0.0
1552,3,2026-08-06T15:00:00,137.74,27.13,58.92,35.85,25.39,11.19,31.3,98.9,0,0.0
1553,3,2026-08-06T16:00:00,121.34,25.63,80.53,34.22,22.68,11.82,32.0,100.0,0,0.0
1554,3,2026-08-06T17:00:00,135.82,25.68,69.27,37.57,24.95,12.23,30.4,100.0,0,0.0
1555,3,2026-08-06T18:00:00,95.52,17.53,44.59,26.65,18.51,8.27,32.2,74.1,0,0.0
1556,3,2026-08-06T19:00:00,88.82,17.24,47.82,24.29,15.54,8.27,28.7,64.0,0,0.0
1557,3,2026-08-06T20:00:00,90.65,22.57,43.0,26.33,16.62,7.89,29.5,63.3,0,0.0
1558,3,2026-08-06T21:00:00,27.58,5.57,13.88,8.23,5.08,2.84,27.9,26.1,0,0.0
1559,3,2026-08-06T22:00:00,31.27,5.86,10.75,8.49,5.07,2.99,28.1,26.7,0,0.0
1560,3,2026-08-06T23:00:00,30.61,4.97,15.21,8.54,5.55,2.75,27.7,20.1,0,0.0
1561,3,2026-08-07T00:00:00,24.08,5.67,13.24,7.73,4.81,2.64,28.3,11.3,0,0.0
1562,3,2026-08-07T01:00:00,28.25,5.19,12.53,8.06,5.09,2.5,28.0,22.1,0,0.0
1563,3,2026-08-07T02:00:00,26.78,4.21,11.56,6.67,5.13,2.7,30.1,23.9,0,0.0
1564,3,2026-08-07T03:00:00,27.53,5.93,14.47,7.74,4.78,2.33,28.3,25.4,0,0.0
1565,3,2026-08-07T04:00:00,29.63,5.01,14.28,8.19,4.55,2.6,31.0,18.1,0,0.0
1566,3,2026-08-07T05:00:00,27.93,5.16,15.56,7.42,5.05,2.51,31.6,17.4,0,0.0
1567,3,2026-08-07T06:00:00,55.36,5.34,38.31,9.26,5.53,2.26,32.6,24.8,1,0.0
1568,3,2026-08-07T07:00:00,105.7,20.98,52.33,26.89,18.58,10.27,33.8,69.8,0,0.0
1569,3,2026-08-07T08:00:00,357.89,23.89,57.74,27.49,17.69,9.33,32.5,84.5,1,0.5935
1570,3,2026-08-07T09:00:00,84.34,25.82,65.83,22.5,19.4,12.65,32.1,78.4,0,0.0
1571,3,2026-08-07T10:00:00,142.44,27.93,71.42,37.43,23.48,12.8,33.3,96.5,0,0.0
1572,3,2026-08-07T11:00:00,130.75,24.75,83.33,42.3,23.94,13.27,32.9,99.6,0,0.0
1573,3,2026-08-07T12:00:00,130.87,21.9,69.52,41.69,23.88,13.72,33.6,98.8,0,0.0
1574,3,2026-08-07T13:00:00,124.49,27.88,84.34,34.64,25.31,13.12,35.1,93.2,0,0.0
1575,3,2026-08-07T14:00:00,129.74,29.46,72.6,35.44,27.54,14.43,33.4,95.3,0,0.0
1576,3,2026-08-07T15:00:00,138.12,24.93,76.7,38.13,27.5,12.36,33.9,99.5,0,0.0
1577,3,2026-08-07T16:00:00,154.86,27.24,78.83,40.34,20.73,13.48,32.5,100.0,0,0.0
1578,3,2026-08-07T17:00:00,118.51,24.63,61.32,39.5,25.51,12.11,31.5,85.5,0,0.0
1579,3,2026-08-07T18:00:00,91.25,17.12,40.95,24.04,16.74,9.65,29.6,75.2,0,0.0
1580,3,2026-08-07T19:00:00,96.05,17.12,36.69,22.51,15.98,8.42,28.6,64.8,0,0.0
1581,3,2026-08-07T20:00:00,97.42,16.44,42.08,22.87,16.92,8.95,29.7,64.2,0,0.0
1582,3,2026-08-07T21:00:00,26.43,6.31,13.08,7.87,4.18,2.58,28.2,22.4,0,0.0
1583,3,2026-08-07T22:00:00,28.03,6.01,12.55,7.19,4.76,2.78,28.6,25.8,0,0.0
1584,3,2026-08-07T23:00:00,29.5,6.25,11.95,8.32,4.91,2.67,28.5,17.8,0,0.0
1585,3,2026-08-08T00:00:00,21.7,4.22,9.98,5.74,3.51,1.96,27.6,15.1,0,0.0
1586,3,2026-08-08T01:00:00,21.14,4.54,10.27,6.04,3.67,2.01,28.1,13.1,0,0.0
1587,3,2026-08-08T02:00:00,22.74,12.16,9.93,5.29,3.51,1.84,28.7,10.7,1,0.0
1588,3,2026-08-08T03:00:00,17.34,4.64,9.51,5.91,4.1,1.86,30.5,11.1,0,0.0
1589,3,2026-08-08T04:00:00,20.82,4.39,11.07,6.14,3.59,2.2,31.2,20.8,0,0.0
1590,3,2026-08-08T05:00:00,20.85,4.65,12.19,6.3,4.25,1.95,30.2,18.7,0,0.0
1591,3,2026-08-08T06:00:00,19.98,3.98,9.66,5.37,4.12,1.96,33.5,14.9,0,0.0
1592,3,2026-08-08T07:00:00,20.62,4.2,10.27,5.65,3.95,2.05,33.1,17.7,0,0.0
1593,3,2026-08-08T08:00:00,39.45,6.9,20.56,11.02,6.76,3.63,33.1,28.1,0,0.0
1594,3,2026-08-08T09:00:00,45.22,9.29,20.85,13.35,6.87,3.54,32.7,28.8,0,0.0
1595,3,2026-08-08T10:00:00,43.82,9.74,25.67,12.9,7.64,3.99,32.9,35.0,0,0.0
1596,3,2026-08-08T11:00:00,41.97,9.23,25.6,11.55,8.15,3.93,34.2,32.2,0,0.0
1597,3,2026-08-08T12:00:00,49.51,7.49,25.95,11.63,8.48,4.49,33.8,36.3,0,0.0
1598,3,2026-08-08T13:00:00,41.04,8.21,20.43,10.8,7.91,3.65,33.3,30.6,0,0.0
1599,3,2026-08-08T14:00:00,46.9,8.34,25.14,11.21,8.57,4.01,33.7,28.5,0,0.0
1600,3,2026-08-08T15:00:00,41.94,7.95,24.55,11.7,8.42,3.72,31.9,29.0,0,0.0
1601,3,2026-08-08T16:00:00,32.58,7.96,20.99,11.17,7.69,4.09,31.5,30.9,0,0.0
1602,3,2026-08-08T17:00:00,40.03,8.28,23.05,12.08,7.39,3.82,31.2,22.1,0,0.0
1603,3,2026-08-08T18:00:00,23.1,3.61,10.37,5.42,3.53,2.03,29.3,19.1,0,0.0
1604,3,2026-08-08T19:00:00,21.4,4.3,10.48,5.44,3.9,2.09,29.5,17.3,0,0.0
1605,3,2026-08-08T20:00:00,22.04,3.92,9.18,5.13,4.03,2.12,27.7,11.1,0,0.0
1606,3,2026-08-08T21:00:00,20.47,3.92,8.54,6.11,3.38,1.99,29.4,20.3,0,0.0
1607,3,2026-08-08T22:00:00,23.82,3.93,9.29,6.44,4.23,2.0,28.7,12.2,0,0.0
1608,3,2026-08-08T23:00:00,23.77,4.03,10.29,6.18,3.8,2.19,27.5,17.7,0,0.0
1609,3,2026-08-09T00:00:00,20.31,3.6,8.59,6.27,3.62,2.04,26.4,16.0,0,0.0
1610,3,2026-08-09T01:00:00,18.88,4.16,11.43,6.14,3.64,1.89,29.3,14.5,0,0.0
1611,3,2026-08-09T02:00:00,20.88,4.31,8.23,5.58,4.09,1.99,28.4,12.7,0,0.0
1612,3,2026-08-09T03:00:00,18.48,4.42,10.62,6.26,3.37,2.18,29.7,19.1,0,0.0
1613,3,2026-08-09T04:00:00,21.62,4.21,9.68,5.95,3.82,1.93,28.9,14.0,0,0.0
1614,3,2026-08-09T05:00:00,20.61,4.13,10.62,5.0,3.64,2.09,30.9,26.5,0,0.0
1615,3,2026-08-09T06:00:00,22.7,3.74,10.17,6.44,3.75,1.86,32.8,0.4,0,0.0
1616,3,2026-08-09T07:00:00,23.32,4.39,10.2,5.84,3.7,1.87,31.9,14.2,0,0.0
1617,3,2026-08-09T08:00:00,38.35,9.42,19.28,11.48,8.15,3.79,32.5,36.8,0,0.0
1618,3,2026-08-09T09:00:00,42.87,8.37,23.19,11.79,7.46,3.88,34.2,33.7,0,0.0
1619,3,2026-08-09T10:00:00,44.54,8.89,20.73,11.59,6.86,3.92,33.4,32.8,0,0.0
1620,3,2026-08-09T11:00:00,44.4,7.34,22.34,10.94,7.96,3.84,33.8,31.0,0,0.0
1621,3,2026-08-09T12:00:00,37.41,7.72,23.55,12.63,7.97,3.5,33.5,24.1,0,0.0
1622,3,2026-08-09T13:00:00,42.5,8.63,27.92,10.9,7.59,3.89,34.6,31.5,0,0.0
1623,3,2026-08-09T14:00:00,44.33,8.39,24.81,12.54,7.44,3.73,33.6,27.3,0,0.0
1624,3,2026-08-09T15:00:00,40.36,8.34,18.3,11.72,6.92,3.93,32.7,23.9,0,0.0
1625,3,2026-08-09T16:00:00,43.04,8.02,24.57,12.28,7.13,4.09,32.2,35.7,0,0.0
1626,3,2026-08-09T17:00:00,37.24,8.92,21.23,12.29,6.67,3.56,30.2,35.9,0,0.0
1627,3,2026-08-09T18:00:00,20.79,3.75,10.11,5.66,4.14,1.84,29.6,28.7,0,0.0
1628,3,2026-08-09T19:00:00,22.0,4.29,9.83,4.91,4.04,1.98,28.8,22.4,0,0.0
1629,3,2026-08-09T20:00:00,23.15,4.22,11.1,5.59,3.87,1.83,28.1,18.6,0,0.0
1630,3,2026-08-09T21:00:00,22.37,3.92,9.88,5.34,4.2,1.93,28.2,10.2,0,0.0
1631,3,2026-08-09T22:00:00,20.32,4.14,10.12,5.8,4.08,1.98,27.1,13.4,0,0.0
1632,3,2026-08-09T23:00:00,20.57,4.95,10.83,6.17,3.8,2.02,27.8,23.2,0,0.0
1633,3,2026-08-10T00:00:00,31.32,5.79,11.97,8.7,4.78,2.66,27.0,21.8,0,0.0
1634,3,2026-08-10T01:00:00,29.7,5.43,12.82,6.72,4.47,2.69,29.1,26.4,0,0.0
1635,3,2026-08-10T02:00:00,26.91,6.52,12.01,8.11,5.13,2.8,28.3,13.7,0,0.0
1636,3,2026-08-10T03:00:00,26.64,5.99,12.21,7.77,4.81,2.36,31.0,21.4,0,0.0
1637,3,2026-08-10T04:00:00,29.56,6.36,13.33,7.74,5.3,2.65,29.2,20.0,0,0.0
1638,3,2026-08-10T05:00:00,30.42,5.45,15.66,8.41,5.27,2.43,31.9,23.9,0,0.0
1639,3,2026-08-10T06:00:00,26.32,5.14,14.89,7.76,4.93,2.89,31.4,20.1,0,0.0
1640,3,2026-08-10T07:00:00,105.31,20.16,53.0,27.86,17.3,9.74,32.5,74.3,0,0.0
1641,3,2026-08-10T08:00:00,98.16,21.45,57.39,31.58,15.92,8.63,33.0,70.7,0,0.0
1642,3,2026-08-10T09:00:00,115.02,22.37,66.65,29.98,19.38,9.68,33.0,81.4,0,0.0
1643,3,2026-08-10T10:00:00,135.3,29.08,68.91,31.54,23.12,10.98,33.4,99.6,0,0.0
1644,3,2026-08-10T11:00:00,119.82,27.99,71.51,39.99,22.14,12.43,34.4,93.5,0,0.0
1645,3,2026-08-10T12:00:00,128.03,26.96,73.47,36.5,24.95,13.55,33.6,94.6,0,0.0
1646,3,2026-08-10T13:00:00,143.13,26.81,83.34,40.21,24.83,11.52,33.6,96.2,0,0.0
1647,3,2026-08-10T14:00:00,128.12,29.69,73.98,43.25,21.59,11.72,32.9,94.8,0,0.0
1648,3,2026-08-10T15:00:00,127.64,24.89,62.0,38.79,25.92,14.2,31.5,94.0,0,0.0
1649,3,2026-08-10T16:00:00,159.46,20.66,64.99,40.6,25.25,12.52,31.1,90.5,0,0.0
1650,3,2026-08-10T17:00:00,154.14,27.41,66.24,33.43,22.65,11.51,30.9,89.5,0,0.0
1651,3,2026-08-10T18:00:00,93.38,16.64,44.47,24.99,16.93,9.34,30.3,64.7,0,0.0
1652,3,2026-08-10T19:00:00,93.38,18.52,49.19,24.07,15.29,8.69,29.9,60.2,0,0.0
1653,3,2026-08-10T20:00:00,85.52,15.45,36.92,26.71,17.19,7.75,27.8,57.2,0,0.0
1654,3,2026-08-10T21:00:00,25.06,5.45,11.83,6.86,5.11,2.48,27.4,19.6,0,0.0
1655,3,2026-08-10T22:00:00,25.12,5.45,12.13,7.65,4.69,2.66,28.1,9.7,0,0.0
1656,3,2026-08-10T23:00:00,26.32,6.14,14.63,7.42,5.59,2.65,26.5,16.7,0,0.0
1657,3,2026-08-11T00:00:00,24.19,5.81,10.28,7.18,5.53,2.86,28.1,20.9,0,0.0
1658,3,2026-08-11T01:00:00,30.65,5.38,11.1,8.45,4.84,2.66,28.8,26.3,0,0.0
1659,3,2026-08-11T02:00:00,27.95,5.24,12.49,8.62,5.49,2.8,29.2,16.4,0,0.0
1660,3,2026-08-11T03:00:00,78.42,5.61,13.31,7.34,5.37,2.34,28.7,24.1,1,0.0
1661,3,2026-08-11T04:00:00,27.52,13.08,13.83,6.77,4.44,2.49,29.2,19.2,1,0.0
1662,3,2026-08-11T05:00:00,25.85,5.53,13.7,7.93,5.03,2.38,30.9,20.6,0,0.0
1663,3,2026-08-11T06:00:00,24.99,5.05,14.62,8.51,3.99,2.6,31.0,16.2,0,0.0
1664,3,2026-08-11T07:00:00,103.77,21.34,52.48,31.19,16.88,8.95,32.5,69.0,0,0.0
1665,3,2026-08-11T08:00:00,108.91,19.56,60.38,29.51,19.71,8.5,34.9,81.6,0,0.0
1666,3,2026-08-11T09:00:00,113.16,23.61,62.18,28.25,22.12,10.7,33.6,75.8,0,0.0
1667,3,2026-08-11T10:00:00,129.02,25.49,84.0,38.52,22.58,11.99,35.2,100.0,0,0.0
1668,3,2026-08-11T11:00:00,125.7,26.01,76.46,31.21,19.93,13.7,34.2,92.8,0,0.0
1669,3,2026-08-11T12:00:00,130.55,25.2,70.01,35.26,25.37,11.55,33.5,92.1,0,0.0
1670,3,2026-08-11T13:00:00,142.1,27.19,75.28,32.08,22.9,12.48,35.1,95.8,0,0.0
1671,3,2026-08-11T14:00:00,116.21,27.04,67.9,34.67,23.31,13.16,33.3,100.0,0,0.0
1672,3,2026-08-11T15:00:00,122.13,26.43,62.25,39.22,23.06,12.57,31.2,98.2,0,0.0
1673,3,2026-08-11T16:00:00,157.88,28.32,65.52,41.37,24.58,12.81,31.8,94.4,0,0.0
1674,3,2026-08-11T17:00:00,277.63,27.45,72.44,31.9,24.2,12.33,30.5,94.9,1,0.0
1675,3,2026-08-11T18:00:00,97.41,17.06,40.53,27.42,12.84,8.14,28.7,67.3,0,0.0
1676,3,2026-08-11T19:00:00,95.97,17.32,39.41,27.89,16.13,8.26,27.7,64.3,0,0.0
1677,3,2026-08-11T20:00:00,86.42,18.67,44.25,23.39,16.16,7.47,29.1,67.3,0,0.0
1678,3,2026-08-11T21:00:00,26.04,5.07,14.91,7.21,4.97,2.14,28.6,19.1,0,0.0
1679,3,2026-08-11T22:00:00,29.93,5.15,14.82,6.88,4.36,2.71,29.2,22.0,0,0.0
1680,3,2026-08-11T23:00:00,27.26,5.64,11.03,7.51,4.35,2.48,25.6,17.7,0,0.0
1681,3,2026-08-12T00:00:00,29.88,5.37,10.6,7.49,5.14,2.52,26.5,16.0,0,0.0
1682,3,2026-08-12T01:00:00,28.29,5.02,13.17,7.77,5.12,2.56,28.7,14.8,0,0.0
1683,3,2026-08-12T02:00:00,21.45,5.48,12.28,7.2,5.27,2.3,27.5,24.9,0,0.0
1684,3,2026-08-12T03:00:00,31.16,6.03,15.02,7.81,5.66,2.72,30.1,26.4,0,0.0
1685,3,2026-08-12T04:00:00,29.16,5.64,12.77,6.97,5.36,3.09,29.7,19.2,0,0.0
1686,3,2026-08-12T05:00:00,25.9,5.53,15.25,8.2,5.14,2.43,30.4,18.1,0,0.0
1687,3,2026-08-12T06:00:00,29.48,5.25,15.46,8.0,5.04,2.34,30.8,22.9,0,0.0
1688,3,2026-08-12T07:00:00,115.82,42.29,55.86,31.17,18.72,10.07,32.0,71.4,1,0.0
1689,3,2026-08-12T08:00:00,97.5,20.53,56.55,27.51,20.88,9.43,33.3,81.5,0,0.0
1690,3,2026-08-12T09:00:00,101.88,24.46,64.21,31.62,18.72,8.27,33.9,79.4,0,0.0
1691,3,2026-08-12T10:00:00,130.13,29.26,84.4,40.71,23.97,11.28,33.6,96.8,0,0.0
1692,3,2026-08-12T11:00:00,126.05,27.19,73.97,35.74,23.19,11.16,31.6,89.8,0,0.0
1693,3,2026-08-12T12:00:00,122.86,24.42,64.86,37.23,25.3,11.28,33.1,97.3,0,0.0
1694,3,2026-08-12T13:00:00,116.27,26.58,70.76,36.85,24.28,11.81,34.2,91.6,0,0.0
1695,3,2026-08-12T14:00:00,131.36,27.14,66.54,35.5,25.18,14.41,32.0,97.0,0,0.0
1696,3,2026-08-12T15:00:00,159.38,26.38,60.2,33.97,23.32,12.92,30.6,97.9,0,0.0
1697,3,2026-08-12T16:00:00,128.21,25.75,62.09,38.65,25.49,11.81,30.1,93.2,0,0.0
1698,3,2026-08-12T17:00:00,148.6,28.55,59.46,33.84,25.32,11.66,29.8,93.2,0,0.0
1699,3,2026-08-12T18:00:00,100.21,16.63,45.02,30.2,18.94,8.23,28.7,67.5,0,0.0
1700,3,2026-08-12T19:00:00,96.27,18.09,41.54,24.97,17.74,8.98,30.3,62.6,0,0.0
1701,3,2026-08-12T20:00:00,99.28,19.96,36.92,23.18,16.53,8.58,29.1,60.3,0,0.0
1702,3,2026-08-12T21:00:00,34.82,6.42,11.9,7.57,4.35,2.44,28.5,20.3,0,0.0
1703,3,2026-08-12T22:00:00,30.86,5.24,11.29,7.13,5.05,2.6,26.6,20.6,0,0.0
1704,3,2026-08-12T23:00:00,30.93,5.98,14.08,7.08,5.67,2.84,27.3,16.5,0,0.0
1705,3,2026-08-13T00:00:00,29.28,5.42,12.23,8.2,5.05,2.46,28.0,23.8,0,0.0
1706,3,2026-08-13T01:00:00,28.98,5.87,13.23,7.43,5.05,2.49,28.6,17.6,0,0.0
1707,3,2026-08-13T02:00:00,29.75,5.73,14.08,8.44,4.67,2.89,27.4,20.7,0,0.0
1708,3,2026-08-13T03:00:00,27.63,5.41,13.69,7.32,5.02,2.62,29.6,16.9,0,0.0
1709,3,2026-08-13T04:00:00,29.84,5.37,12.73,7.08,4.49,2.78,29.1,12.8,0,0.0
1710,3,2026-08-13T05:00:00,28.09,5.15,12.86,7.73,5.04,2.98,31.4,12.6,0,0.0
1711,3,2026-08-13T06:00:00,26.25,5.15,11.18,8.58,5.35,2.3,29.8,24.2,0,0.0
1712,3,2026-08-13T07:00:00,96.46,19.31,54.34,29.91,13.51,9.56,31.5,67.5,0,0.0
1713,3,2026-08-13T08:00:00,94.92,17.86,48.87,32.8,19.42,9.53,31.9,80.7,0,0.0
1714,3,2026-08-13T09:00:00,123.65,22.36,66.71,33.11,20.36,10.48,32.9,79.8,0,0.0
1715,3,2026-08-13T10:00:00,134.52,26.03,69.15,34.03,24.28,12.47,34.0,100.0,0,0.0
1716,3,2026-08-13T11:00:00,103.91,28.42,73.68,39.35,24.19,11.16,34.8,95.7,0,0.0
1717,3,2026-08-13T12:00:00,124.67,29.12,69.87,34.85,23.26,11.63,33.0,91.7,0,0.0
1718,3,2026-08-13T13:00:00,121.43,25.73,78.51,36.01,25.59,13.75,32.3,89.8,0,0.0
1719,3,2026-08-13T14:00:00,124.31,21.53,70.8,35.49,26.87,11.71,32.6,84.3,0,0.0
1720,3,2026-08-13T15:00:00,158.28,22.87,70.69,42.38,22.84,12.77,31.7,96.7,0,0.0
1721,3,2026-08-13T16:00:00,128.26,24.47,74.17,34.1,21.89,13.86,31.6,98.0,0,0.0
1722,3,2026-08-13T17:00:00,124.51,25.96,64.32,37.18,22.1,10.7,31.4,93.3,0,0.0
1723,3,2026-08-13T18:00:00,97.46,19.52,43.21,26.5,15.4,8.33,28.8,78.4,0,0.0
1724,3,2026-08-13T19:00:00,88.83,18.36,44.39,27.53,16.96,9.5,28.6,69.9,0,0.0
1725,3,2026-08-13T20:00:00,81.53,18.49,41.68,24.09,16.59,9.18,29.3,59.2,0,0.0
1726,3,2026-08-13T21:00:00,27.2,5.85,12.5,7.92,4.4,2.65,29.2,26.3,0,0.0
1727,3,2026-08-13T22:00:00,27.29,6.52,13.23,7.87,5.56,2.72,27.3,18.1,0,0.0
1728,3,2026-08-13T23:00:00,28.72,5.46,11.8,8.05,5.1,2.51,27.2,26.0,0,0.0
1729,3,2026-08-14T00:00:00,31.75,4.75,11.2,9.02,5.19,2.42,28.7,18.9,0,0.0
1730,3,2026-08-14T01:00:00,27.35,5.08,12.72,7.11,4.98,2.71,28.6,24.2,0,0.0
1731,3,2026-08-14T02:00:00,28.45,5.45,13.75,7.19,5.45,2.58,28.5,17.6,0,0.0
1732,3,2026-08-14T03:00:00,26.11,5.39,13.49,7.78,4.61,2.7,29.9,23.8,0,0.0
1733,3,2026-08-14T04:00:00,25.39,6.29,14.69,7.27,5.14,2.65,29.3,17.5,0,0.0
1734,3,2026-08-14T05:00:00,26.37,4.53,15.01,7.91,4.52,2.73,32.4,23.6,0,0.0
1735,3,2026-08-14T06:00:00,24.43,5.81,14.33,7.96,5.65,2.22,31.2,20.6,0,0.0
1736,3,2026-08-14T07:00:00,89.92,17.4,53.48,25.53,16.63,8.84,31.7,59.9,0,0.0
1737,3,2026-08-14T08:00:00,98.14,17.38,45.55,28.09,19.77,10.11,32.3,66.1,0,0.0
1738,3,2026-08-14T09:00:00,112.42,23.55,61.5,33.66,21.82,10.6,33.3,75.8,0,0.0
1739,3,2026-08-14T10:00:00,135.43,24.5,82.44,35.34,19.81,13.78,32.8,99.8,0,0.0
1740,3,2026-08-14T11:00:00,127.96,25.8,81.55,35.29,23.32,12.6,33.3,98.8,0,0.0
1741,3,2026-08-14T12:00:00,123.6,23.53,80.28,31.2,18.5,13.66,34.1,98.8,0,0.0
1742,3,2026-08-14T13:00:00,133.01,25.55,63.34,39.56,23.64,13.44,32.1,100.0,0,0.0
1743,3,2026-08-14T14:00:00,120.59,29.02,75.47,35.42,26.2,12.12,34.5,92.8,0,0.0
1744,3,2026-08-14T15:00:00,136.36,26.83,76.33,38.12,24.76,11.45,31.8,100.0,0,0.0
1745,3,2026-08-14T16:00:00,130.92,28.33,73.62,34.83,24.1,12.69,30.5,99.6,0,0.0
1746,3,2026-08-14T17:00:00,134.69,29.05,61.5,33.49,23.02,13.37,30.6,100.0,0,0.0
1747,3,2026-08-14T18:00:00,176.88,17.69,129.9,24.62,13.35,9.01,30.0,59.9,1,0.5587
1748,3,2026-08-14T19:00:00,95.84,16.87,45.9,23.06,15.87,9.51,29.5,63.4,0,0.0
1749,3,2026-08-14T20:00:00,88.73,20.31,38.53,22.31,16.68,8.16,28.6,63.5,0,0.0
1750,3,2026-08-14T21:00:00,54.16,5.84,37.76,8.74,5.24,2.43,27.7,22.2,1,0.0
1751,3,2026-08-14T22:00:00,30.47,5.93,13.04,7.4,5.59,2.66,26.7,22.3,0,0.0
1752,3,2026-08-14T23:00:00,28.08,5.47,11.73,7.33,4.7,2.75,27.3,26.0,0,0.0
1753,3,2026-08-15T00:00:00,21.94,4.29,8.55,6.13,3.62,2.07,26.4,10.3,0,0.0
1754,3,2026-08-15T01:00:00,20.73,3.87,9.99,5.77,4.06,2.19,28.3,15.4,0,0.0
1755,3,2026-08-15T02:00:00,20.68,3.73,10.37,5.9,4.37,1.7,28.5,11.6,0,0.0
1756,3,2026-08-15T03:00:00,21.53,3.89,9.0,5.54,3.31,1.88,28.2,18.3,0,0.0
1757,3,2026-08-15T04:00:00,17.62,3.85,10.76,5.64,3.87,2.0,30.8,15.0,0,0.0
1758,3,2026-08-15T05:00:00,21.31,3.68,10.96,6.07,3.92,1.85,30.9,16.9,0,0.0
1759,3,2026-08-15T06:00:00,21.42,4.21,9.59,5.88,3.8,2.16,30.7,19.6,0,0.0
1760,3,2026-08-15T07:00:00,21.6,4.3,11.17,5.69,3.69,2.11,31.8,18.0,0,0.0
1761,3,2026-08-15T08:00:00,42.85,8.16,21.78,10.88,8.58,3.71,32.3,42.9,0,0.0
1762,3,2026-08-15T09:00:00,40.88,8.52,22.69,11.97,7.54,3.63,34.0,31.8,0,0.0
1763,3,2026-08-15T10:00:00,38.1,8.41,22.85,10.49,7.09,3.64,34.2,28.3,0,0.0
1764,3,2026-08-15T11:00:00,41.99,6.92,23.31,11.36,8.02,4.43,35.0,25.5,0,0.0
1765,3,2026-08-15T12:00:00,39.7,8.77,23.1,11.97,7.52,3.94,34.1,29.2,0,0.0
1766,3,2026-08-15T13:00:00,42.94,8.29,27.1,13.13,7.41,4.04,33.7,31.0,0,0.0
1767,3,2026-08-15T14:00:00,43.27,7.88,22.18,11.57,7.5,3.95,31.8,38.5,0,0.0
1768,3,2026-08-15T15:00:00,40.0,7.57,20.06,10.3,7.24,3.72,30.6,36.8,0,0.0
1769,3,2026-08-15T16:00:00,39.17,8.61,21.16,12.98,8.28,3.65,31.1,24.6,0,0.0
1770,3,2026-08-15T17:00:00,42.14,8.64,17.72,11.5,7.54,3.57,28.8,31.2,0,0.0
1771,3,2026-08-15T18:00:00,22.19,3.74,10.36,5.63,4.38,2.06,30.4,19.6,0,0.0
1772,3,2026-08-15T19:00:00,20.43,3.84,10.19,6.73,3.77,2.01,29.9,22.4,0,0.0
1773,3,2026-08-15T20:00:00,20.78,3.81,9.11,5.75,3.33,2.21,27.3,18.8,0,0.0
1774,3,2026-08-15T21:00:00,24.47,4.31,9.85,5.78,3.77,1.62,27.8,17.6,0,0.0
1775,3,2026-08-15T22:00:00,20.34,3.8,10.05,5.27,3.52,1.89,27.8,11.7,0,0.0
1776,3,2026-08-15T23:00:00,18.07,4.58,9.96,5.82,3.43,1.81,28.5,11.0,0,0.0
1777,3,2026-08-16T00:00:00,20.85,4.38,10.76,5.27,4.03,2.24,25.0,16.3,0,0.0
1778,3,2026-08-16T01:00:00,20.95,4.08,9.35,5.75,3.8,1.8,26.8,13.5,0,0.0
1779,3,2026-08-16T02:00:00,23.08,3.93,10.91,6.63,4.02,1.94,28.3,11.4,0,0.0
1780,3,2026-08-16T03:00:00,20.52,4.23,11.59,5.61,3.81,1.79,31.1,13.7,0,0.0
1781,3,2026-08-16T04:00:00,23.25,4.09,10.12,6.12,3.52,1.73,29.2,19.9,0,0.0
1782,3,2026-08-16T05:00:00,17.59,4.4,8.54,5.85,3.73,1.85,29.5,9.4,0,0.0
1783,3,2026-08-16T06:00:00,20.94,4.04,7.64,5.02,4.06,1.87,30.4,12.0,0,0.0
1784,3,2026-08-16T07:00:00,20.36,4.12,11.08,5.74,3.62,1.79,31.5,17.6,0,0.0
1785,3,2026-08-16T08:00:00,41.19,8.24,20.46,10.19,7.1,3.85,32.0,25.4,0,0.0
1786,3,2026-08-16T09:00:00,38.33,8.73,23.75,10.39,7.1,4.31,33.2,31.9,0,0.0
1787,3,2026-08-16T10:00:00,44.27,6.85,20.63,12.53,7.24,3.68,32.4,31.7,0,0.0
1788,3,2026-08-16T11:00:00,41.86,8.66,23.62,12.4,7.23,4.28,33.0,27.3,0,0.0
1789,3,2026-08-16T12:00:00,46.74,8.06,22.94,11.69,8.99,3.94,33.4,26.1,0,0.0
1790,3,2026-08-16T13:00:00,45.05,8.34,23.82,11.96,8.1,4.44,32.1,42.1,0,0.0
1791,3,2026-08-16T14:00:00,41.22,8.54,24.78,11.94,7.7,4.05,31.5,30.0,0,0.0
1792,3,2026-08-16T15:00:00,35.45,8.09,20.51,9.36,7.27,3.99,34.0,26.9,0,0.0
1793,3,2026-08-16T16:00:00,43.34,8.87,20.98,11.71,7.68,4.14,30.8,27.8,0,0.0
1794,3,2026-08-16T17:00:00,41.76,9.69,19.1,9.75,6.54,3.9,29.7,24.2,0,0.0
1795,3,2026-08-16T18:00:00,23.32,3.95,9.1,5.08,3.67,1.99,29.6,10.0,0,0.0
1796,3,2026-08-16T19:00:00,19.44,4.36,11.49,5.19,4.08,1.89,29.5,8.6,0,0.0
1797,3,2026-08-16T20:00:00,20.06,4.21,7.85,5.59,4.05,1.99,27.4,12.6,0,0.0
1798,3,2026-08-16T21:00:00,22.8,4.5,9.65,5.67,3.79,2.01,27.8,19.6,0,0.0
1799,3,2026-08-16T22:00:00,21.92,3.94,8.91,5.3,4.15,1.74,27.1,11.2,0,0.0
1800,3,2026-08-16T23:00:00,20.56,3.98,8.4,5.56,3.93,1.58,26.8,7.7,0,0.0
1801,3,2026-08-17T00:00:00,27.33,6.38,13.5,8.43,5.33,2.73,27.6,4.1,0,0.0
1802,3,2026-08-17T01:00:00,33.15,5.67,13.08,7.88,4.59,2.58,27.8,16.4,0,0.0
1803,3,2026-08-17T02:00:00,25.88,6.82,11.77,8.2,5.01,2.54,27.2,18.2,0,0.0
1804,3,2026-08-17T03:00:00,27.05,5.7,12.66,7.85,5.58,2.26,28.3,16.0,0,0.0
1805,3,2026-08-17T04:00:00,33.69,5.59,15.36,8.21,5.61,2.53,29.0,30.7,0,0.0
1806,3,2026-08-17T05:00:00,25.64,5.7,13.31,8.1,4.78,2.81,31.1,9.5,0,0.0
1807,3,2026-08-17T06:00:00,32.12,5.69,12.57,8.07,5.43,2.94,30.5,17.5,0,0.0
1808,3,2026-08-17T07:00:00,96.87,22.33,48.47,25.85,17.61,9.06,32.4,75.1,0,0.0
1809,3,2026-08-17T08:00:00,108.02,21.78,55.7,27.15,18.57,9.04,32.2,70.0,0,0.0
1810,3,2026-08-17T09:00:00,212.34,21.69,151.03,30.11,20.49,10.7,32.0,82.6,1,0.5696
1811,3,2026-08-17T10:00:00,121.89,25.22,66.43,39.98,22.32,12.84,34.2,96.9,0,0.0
1812,3,2026-08-17T11:00:00,128.28,25.89,79.3,36.45,26.01,11.38,33.3,94.5,0,0.0
1813,3,2026-08-17T12:00:00,139.62,26.38,82.49,37.37,21.85,11.61,34.6,80.0,0,0.0
1814,3,2026-08-17T13:00:00,148.6,27.89,62.73,33.06,20.62,14.12,34.1,95.8,0,0.0
1815,3,2026-08-17T14:00:00,144.34,25.82,64.62,38.82,24.04,12.08,30.1,83.9,0,0.0
1816,3,2026-08-17T15:00:00,137.3,28.54,71.74,33.67,23.99,11.52,32.8,92.4,0,0.0
1817,3,2026-08-17T16:00:00,129.66,27.83,75.08,36.36,22.74,11.5,31.2,94.6,0,0.0
1818,3,2026-08-17T17:00:00,142.51,29.31,56.22,36.92,21.7,12.64,31.1,94.5,0,0.0
1819,3,2026-08-17T18:00:00,84.11,18.89,39.56,27.53,15.86,8.91,29.2,74.7,0,0.0
1820,3,2026-08-17T19:00:00,102.28,16.2,43.98,23.2,16.47,8.29,30.4,51.3,0,0.0
1821,3,2026-08-17T20:00:00,81.77,15.75,43.98,26.46,16.58,8.48,27.8,69.2,0,0.0
1822,3,2026-08-17T21:00:00,25.14,5.45,14.59,8.04,4.63,2.64,27.0,21.7,0,0.0
1823,3,2026-08-17T22:00:00,28.56,5.32,14.41,8.25,4.69,2.6,26.3,21.5,0,0.0
1824,3,2026-08-17T23:00:00,30.8,19.25,11.21,7.1,5.08,2.48,26.9,19.9,1,0.0
1825,3,2026-08-18T00:00:00,29.41,5.0,14.81,8.11,4.82,2.66,27.2,21.1,0,0.0
1826,3,2026-08-18T01:00:00,26.27,6.21,12.37,7.78,3.93,2.57,28.3,23.8,0,0.0
1827,3,2026-08-18T02:00:00,26.15,4.77,13.77,8.05,5.35,2.51,27.9,14.7,0,0.0
1828,3,2026-08-18T03:00:00,26.33,4.8,13.84,8.36,4.49,2.57,28.2,15.7,0,0.0
1829,3,2026-08-18T04:00:00,27.1,6.16,14.49,7.62,4.98,2.38,29.3,24.6,0,0.0
1830,3,2026-08-18T05:00:00,24.81,5.0,13.05,6.52,5.05,2.39,28.2,33.6,0,0.0
1831,3,2026-08-18T06:00:00,28.41,5.29,15.2,8.53,4.87,2.64,29.9,29.1,0,0.0
1832,3,2026-08-18T07:00:00,80.45,20.34,60.2,26.52,17.84,9.37,33.4,76.1,0,0.0
1833,3,2026-08-18T08:00:00,114.08,21.67,56.53,33.39,19.18,9.15,32.6,70.0,0,0.0
1834,3,2026-08-18T09:00:00,115.78,25.58,66.49,30.04,21.51,11.57,34.7,76.4,0,0.0
1835,3,2026-08-18T10:00:00,130.42,27.81,73.83,37.46,24.22,12.71,32.7,95.0,0,0.0
1836,3,2026-08-18T11:00:00,131.37,24.19,71.96,37.25,25.14,13.85,32.5,86.7,0,0.0
1837,3,2026-08-18T12:00:00,117.9,28.54,61.07,35.43,24.45,12.64,32.7,96.0,0,0.0
1838,3,2026-08-18T13:00:00,110.57,25.61,69.31,39.06,26.13,12.41,32.7,86.2,0,0.0
1839,3,2026-08-18T14:00:00,151.35,28.6,67.01,36.55,22.98,13.21,32.2,94.5,0,0.0
1840,3,2026-08-18T15:00:00,269.28,27.55,208.63,27.53,20.69,12.42,31.7,94.8,1,0.5695
1841,3,2026-08-18T16:00:00,128.83,24.49,70.65,37.32,22.99,13.8,32.1,93.7,0,0.0
1842,3,2026-08-18T17:00:00,430.13,27.46,57.71,31.78,23.5,13.95,30.0,100.0,1,0.5782
1843,3,2026-08-18T18:00:00,91.08,17.62,39.55,27.57,17.14,8.3,30.4,64.0,0,0.0
1844,3,2026-08-18T19:00:00,86.39,19.97,42.62,27.34,16.74,7.67,28.3,70.6,0,0.0
1845,3,2026-08-18T20:00:00,88.07,19.74,40.39,25.44,16.39,7.09,27.5,61.4,0,0.0
1846,3,2026-08-18T21:00:00,26.98,5.32,11.98,7.19,4.71,2.41,26.9,24.8,0,0.0
1847,3,2026-08-18T22:00:00,30.23,5.29,11.66,7.97,4.9,2.69,27.8,20.3,0,0.0
1848,3,2026-08-18T23:00:00,29.45,5.52,10.11,8.25,4.49,2.74,26.2,16.5,0,0.0
1849,3,2026-08-19T00:00:00,28.86,5.14,12.8,6.05,4.16,2.94,27.3,16.8,0,0.0
1850,3,2026-08-19T01:00:00,30.05,5.79,13.46,8.29,4.96,2.6,27.1,14.2,0,0.0
1851,3,2026-08-19T02:00:00,28.95,5.4,10.86,7.51,4.86,2.88,27.8,24.3,0,0.0
1852,3,2026-08-19T03:00:00,28.7,5.68,13.53,8.52,4.53,2.66,28.4,20.7,0,0.0
1853,3,2026-08-19T04:00:00,20.87,5.49,12.82,7.21,5.16,2.3,28.8,17.5,0,0.0
1854,3,2026-08-19T05:00:00,31.04,5.61,12.05,8.09,5.53,2.89,29.2,27.2,0,0.0
1855,3,2026-08-19T06:00:00,28.0,5.37,14.45,7.72,4.81,2.55,31.0,15.6,0,0.0
1856,3,2026-08-19T07:00:00,100.55,15.94,52.15,25.74,20.36,7.47,31.7,69.8,0,0.0
1857,3,2026-08-19T08:00:00,93.72,21.22,52.83,30.05,16.58,10.55,31.1,71.8,0,0.0
1858,3,2026-08-19T09:00:00,117.92,24.28,73.97,35.46,23.42,8.54,33.2,77.0,0,0.0
1859,3,2026-08-19T10:00:00,131.82,23.84,75.43,30.14,21.75,12.81,33.2,95.9,0,0.0
1860,3,2026-08-19T11:00:00,133.35,26.23,62.28,38.26,26.51,11.94,33.3,99.8,0,0.0
1861,3,2026-08-19T12:00:00,129.82,28.04,83.18,35.12,20.47,12.54,33.2,96.1,0,0.0
1862,3,2026-08-19T13:00:00,137.54,27.07,68.01,36.79,19.64,13.04,31.5,88.6,0,0.0
1863,3,2026-08-19T14:00:00,123.31,29.63,69.91,32.59,24.14,12.7,33.1,89.2,0,0.0
1864,3,2026-08-19T15:00:00,140.03,25.63,69.86,34.92,22.48,11.87,30.9,95.4,0,0.0
1865,3,2026-08-19T16:00:00,129.09,26.4,65.28,30.4,25.01,11.89,31.2,100.0,0,0.0
1866,3,2026-08-19T17:00:00,150.77,29.62,70.71,37.64,25.62,11.83,30.6,90.6,0,0.0
1867,3,2026-08-19T18:00:00,88.48,16.87,44.88,29.43,16.56,8.41,29.4,73.5,0,0.0
1868,3,2026-08-19T19:00:00,85.09,15.11,41.69,25.69,18.59,7.42,29.1,68.3,0,0.0
1869,3,2026-08-19T20:00:00,94.12,19.93,40.45,23.84,15.75,8.64,27.1,69.0,0,0.0
1870,3,2026-08-19T21:00:00,31.6,5.53,14.96,7.64,5.33,2.82,28.3,16.8,0,0.0
1871,3,2026-08-19T22:00:00,28.65,5.9,14.01,7.37,4.66,2.56,27.2,21.8,0,0.0
1872,3,2026-08-19T23:00:00,27.68,5.82,12.58,7.71,5.92,2.75,27.7,17.4,0,0.0
1873,3,2026-08-20T00:00:00,28.83,5.79,15.87,8.13,5.23,3.27,28.4,14.9,0,0.0
1874,3,2026-08-20T01:00:00,28.62,6.23,11.36,7.24,5.45,2.54,26.7,14.8,0,0.0
1875,3,2026-08-20T02:00:00,30.19,4.91,11.91,7.33,4.35,2.41,27.2,30.3,0,0.0
1876,3,2026-08-20T03:00:00,33.29,5.35,15.03,7.79,4.87,2.9,28.5,14.9,0,0.0
1877,3,2026-08-20T04:00:00,26.76,4.91,15.76,7.88,5.04,2.77,30.0,21.4,0,0.0
1878,3,2026-08-20T05:00:00,31.81,4.95,14.12,7.48,5.18,2.41,29.4,17.2,0,0.0
1879,3,2026-08-20T06:00:00,26.7,5.88,16.52,8.12,5.35,2.64,31.6,22.5,0,0.0
1880,3,2026-08-20T07:00:00,96.6,16.87,50.02,24.03,15.59,8.41,31.5,61.9,0,0.0
1881,3,2026-08-20T08:00:00,112.12,23.53,58.07,27.78,17.95,10.23,34.5,85.2,0,0.0
1882,3,2026-08-20T09:00:00,116.9,23.1,64.41,31.54,22.11,11.07,33.3,79.3,0,0.0
1883,3,2026-08-20T10:00:00,136.93,22.99,76.95,38.22,21.53,11.9,33.7,92.9,0,0.0
1884,3,2026-08-20T11:00:00,130.24,27.15,77.86,34.62,23.44,12.15,32.5,95.8,0,0.0
1885,3,2026-08-20T12:00:00,139.74,24.4,71.25,37.1,19.65,13.4,32.3,91.6,0,0.0
1886,3,2026-08-20T13:00:00,137.7,22.27,72.2,42.18,28.76,10.83,33.5,95.0,0,0.0
1887,3,2026-08-20T14:00:00,148.83,29.69,76.94,42.45,22.72,14.31,33.5,94.2,0,0.0
1888,3,2026-08-20T15:00:00,134.37,26.83,71.22,31.32,23.63,12.84,32.5,98.9,0,0.0
1889,3,2026-08-20T16:00:00,133.86,27.7,68.06,38.49,22.54,11.62,31.9,96.0,0,0.0
1890,3,2026-08-20T17:00:00,125.62,28.08,54.9,34.78,24.01,12.13,29.2,97.0,0,0.0
1891,3,2026-08-20T18:00:00,92.22,17.82,40.75,22.0,16.46,8.48,30.8,72.1,0,0.0
1892,3,2026-08-20T19:00:00,88.64,17.73,43.72,25.69,16.74,7.9,29.7,68.6,0,0.0
1893,3,2026-08-20T20:00:00,95.07,45.66,43.99,24.24,19.08,7.75,28.4,73.8,1,0.0
1894,3,2026-08-20T21:00:00,27.72,5.27,13.13,7.59,4.55,2.49,28.5,21.4,0,0.0
1895,3,2026-08-20T22:00:00,29.59,4.71,12.16,6.66,5.24,2.73,29.2,23.7,0,0.0
1896,3,2026-08-20T23:00:00,27.88,5.59,12.38,7.83,4.98,2.51,26.9,20.7,0,0.0
1897,3,2026-08-21T00:00:00,29.11,6.07,12.0,7.68,4.09,2.9,27.0,25.2,0,0.0
1898,3,2026-08-21T01:00:00,26.64,5.46,14.1,7.22,4.13,2.55,27.5,12.5,0,0.0
1899,3,2026-08-21T02:00:00,27.04,6.01,11.91,7.79,4.65,2.84,27.2,23.3,0,0.0
1900,3,2026-08-21T03:00:00,31.44,5.92,11.1,7.98,5.42,2.66,28.1,20.4,0,0.0
1901,3,2026-08-21T04:00:00,27.9,5.41,11.72,7.55,4.78,2.41,30.1,18.6,0,0.0
1902,3,2026-08-21T05:00:00,27.06,6.73,15.75,7.13,4.83,2.57,31.0,21.5,0,0.0
1903,3,2026-08-21T06:00:00,29.53,5.79,14.48,7.43,5.48,2.41,31.7,15.9,0,0.0
1904,3,2026-08-21T07:00:00,87.39,20.86,47.5,26.22,17.49,8.51,30.6,70.3,0,0.0
1905,3,2026-08-21T08:00:00,109.33,22.97,53.45,29.07,15.48,9.08,32.4,80.2,0,0.0
1906,3,2026-08-21T09:00:00,113.21,22.68,59.53,30.91,21.06,12.26,32.8,83.7,0,0.0
1907,3,2026-08-21T10:00:00,125.95,25.7,70.19,33.64,24.33,12.87,32.9,92.4,0,0.0
1908,3,2026-08-21T11:00:00,129.97,27.17,73.8,38.01,23.45,12.34,33.1,98.3,0,0.0
1909,3,2026-08-21T12:00:00,114.91,24.53,71.47,34.98,24.74,11.03,32.4,100.0,0,0.0
1910,3,2026-08-21T13:00:00,140.49,29.04,74.39,37.33,25.1,10.58,33.6,100.0,0,0.0
1911,3,2026-08-21T14:00:00,116.89,25.64,63.28,39.86,24.47,12.34,31.7,88.8,0,0.0
1912,3,2026-08-21T15:00:00,145.72,25.89,76.22,32.97,24.06,11.9,32.7,96.9,0,0.0
1913,3,2026-08-21T16:00:00,125.13,26.59,68.01,39.37,21.93,11.46,29.6,93.3,0,0.0
1914,3,2026-08-21T17:00:00,115.84,25.28,58.34,38.27,25.2,11.65,31.0,84.0,0,0.0
1915,3,2026-08-21T18:00:00,95.4,20.6,42.6,26.67,15.74,8.42,30.2,72.3,0,0.0
1916,3,2026-08-21T19:00:00,93.8,19.16,39.17,22.82,16.6,8.37,27.9,65.3,0,0.0
1917,3,2026-08-21T20:00:00,85.34,20.45,42.32,26.25,18.03,8.87,27.6,67.8,0,0.0
1918,3,2026-08-21T21:00:00,29.25,6.14,13.83,8.69,4.68,2.54,27.9,16.3,0,0.0
1919,3,2026-08-21T22:00:00,30.75,5.49,10.95,6.63,4.54,3.11,27.9,18.9,0,0.0
1920,3,2026-08-21T23:00:00,25.52,6.37,13.05,8.17,4.72,2.84,26.2,23.4,0,0.0
1921,3,2026-08-22T00:00:00,19.8,4.85,9.15,6.14,4.27,2.33,26.9,14.2,0,0.0
1922,3,2026-08-22T01:00:00,20.83,4.46,10.32,6.05,3.79,2.03,28.0,23.8,0,0.0
1923,3,2026-08-22T02:00:00,19.84,4.14,10.27,5.07,3.45,1.78,28.2,20.7,0,0.0
1924,3,2026-08-22T03:00:00,22.38,4.5,10.29,5.55,3.72,1.75,28.0,16.9,0,0.0
1925,3,2026-08-22T04:00:00,19.16,3.59,10.6,4.85,3.27,1.88,30.4,17.8,0,0.0
1926,3,2026-08-22T05:00:00,22.38,3.98,8.57,6.52,3.46,2.0,29.5,14.6,0,0.0
1927,3,2026-08-22T06:00:00,22.32,4.04,10.13,6.22,3.11,1.63,31.0,10.0,0,0.0
1928,3,2026-08-22T07:00:00,19.55,3.75,12.13,6.07,3.78,1.79,33.2,25.6,0,0.0
1929,3,2026-08-22T08:00:00,40.45,9.14,22.95,13.37,7.54,4.07,31.5,29.7,0,0.0
1930,3,2026-08-22T09:00:00,45.94,8.18,21.6,12.62,7.95,4.67,31.8,29.8,0,0.0
1931,3,2026-08-22T10:00:00,38.39,7.88,25.61,10.36,7.71,3.79,32.4,33.9,0,0.0
1932,3,2026-08-22T11:00:00,40.88,10.09,23.26,13.28,7.73,3.87,33.0,29.1,0,0.0
1933,3,2026-08-22T12:00:00,40.91,8.22,24.78,11.06,7.79,4.12,31.8,33.3,0,0.0
1934,3,2026-08-22T13:00:00,41.55,9.75,21.95,12.24,6.47,3.78,32.3,40.5,0,0.0
1935,3,2026-08-22T14:00:00,44.99,7.58,20.67,13.5,6.97,4.25,30.6,31.8,0,0.0
1936,3,2026-08-22T15:00:00,40.43,8.18,21.55,11.51,6.45,4.31,31.3,23.5,0,0.0
1937,3,2026-08-22T16:00:00,45.59,8.79,19.65,11.26,7.33,3.75,31.0,30.5,0,0.0
1938,3,2026-08-22T17:00:00,39.43,7.27,21.46,10.25,7.94,4.0,31.1,29.3,0,0.0
1939,3,2026-08-22T18:00:00,20.29,4.23,10.07,5.73,3.92,2.01,30.0,12.5,0,0.0
1940,3,2026-08-22T19:00:00,22.04,4.25,8.87,4.89,3.8,1.82,29.1,27.4,0,0.0
1941,3,2026-08-22T20:00:00,20.19,4.1,9.53,5.28,3.66,2.29,27.8,14.6,0,0.0
1942,3,2026-08-22T21:00:00,22.06,3.99,9.19,6.07,3.78,1.91,27.6,8.3,0,0.0
1943,3,2026-08-22T22:00:00,23.49,3.34,9.6,5.43,3.6,1.75,27.7,23.5,0,0.0
1944,3,2026-08-22T23:00:00,20.02,3.84,9.98,6.43,3.79,1.92,26.8,11.9,0,0.0
1945,3,2026-08-23T00:00:00,40.97,3.53,8.89,6.25,3.53,2.08,26.0,7.4,1,0.5869
1946,3,2026-08-23T01:00:00,21.33,3.97,10.19,5.95,4.07,1.77,27.1,16.5,0,0.0
1947,3,2026-08-23T02:00:00,22.27,4.0,9.57,5.0,3.85,1.98,27.2,15.2,0,0.0
1948,3,2026-08-23T03:00:00,22.19,3.97,10.69,5.13,3.15,1.76,29.1,12.7,0,0.0
1949,3,2026-08-23T04:00:00,20.38,3.64,8.89,5.89,3.29,1.96,30.4,8.8,0,0.0
1950,3,2026-08-23T05:00:00,22.7,4.94,9.61,5.98,4.26,2.38,30.0,11.8,0,0.0
1951,3,2026-08-23T06:00:00,20.9,4.48,10.62,5.77,4.07,1.95,31.2,17.9,0,0.0
1952,3,2026-08-23T07:00:00,20.08,4.17,11.22,6.56,4.17,2.05,30.4,22.5,0,0.0
1953,3,2026-08-23T08:00:00,42.92,8.95,26.14,9.8,7.2,4.2,32.0,31.5,0,0.0
1954,3,2026-08-23T09:00:00,37.86,8.14,23.73,11.17,7.68,4.19,33.2,31.7,0,0.0
1955,3,2026-08-23T10:00:00,39.4,9.25,25.46,11.76,7.6,3.85,33.1,32.4,0,0.0
1956,3,2026-08-23T11:00:00,41.28,9.28,25.16,12.4,7.9,3.64,32.6,29.8,0,0.0
1957,3,2026-08-23T12:00:00,44.58,8.9,21.04,10.93,7.31,3.61,32.1,30.7,0,0.0
1958,3,2026-08-23T13:00:00,43.31,9.36,21.91,11.45,8.91,3.89,32.6,32.0,0,0.0
1959,3,2026-08-23T14:00:00,37.0,7.63,21.84,12.9,7.12,3.26,32.3,40.2,0,0.0
1960,3,2026-08-23T15:00:00,40.01,7.24,21.22,11.39,7.86,4.09,30.8,30.3,0,0.0
1961,3,2026-08-23T16:00:00,41.26,9.15,23.3,10.89,8.08,3.97,32.0,31.6,0,0.0
1962,3,2026-08-23T17:00:00,44.4,8.6,22.46,10.97,6.75,3.82,30.2,30.4,0,0.0
1963,3,2026-08-23T18:00:00,20.47,4.8,8.69,6.29,3.81,2.05,30.1,14.7,0,0.0
1964,3,2026-08-23T19:00:00,21.64,4.01,8.78,5.95,3.42,1.79,27.8,10.0,0,0.0
1965,3,2026-08-23T20:00:00,21.59,3.87,9.73,6.49,3.15,1.91,27.4,11.8,0,0.0
1966,3,2026-08-23T21:00:00,19.58,4.16,9.38,5.96,3.27,1.83,26.5,12.9,0,0.0
1967,3,2026-08-23T22:00:00,21.93,4.25,8.85,5.63,4.02,1.99,27.2,11.3,0,0.0
1968,3,2026-08-23T23:00:00,23.35,4.26,9.43,5.9,3.91,2.12,26.8,13.9,0,0.0
1969,3,2026-08-24T00:00:00,30.64,5.76,11.75,7.81,4.59,2.42,26.7,31.1,0,0.0
1970,3,2026-08-24T01:00:00,28.73,6.0,9.84,8.65,4.98,2.75,26.9,20.5,0,0.0
1971,3,2026-08-24T02:00:00,29.45,6.07,11.76,7.47,4.94,2.69,27.6,25.1,0,0.0
1972,3,2026-08-24T03:00:00,30.21,5.87,12.67,8.43,4.74,2.79,29.9,21.5,0,0.0
1973,3,2026-08-24T04:00:00,28.06,5.76,14.15,8.29,4.42,2.46,29.1,21.6,0,0.0
1974,3,2026-08-24T05:00:00,28.92,4.96,11.77,7.61,5.37,2.45,30.6,17.0,0,0.0
1975,3,2026-08-24T06:00:00,31.21,4.84,15.69,7.62,5.67,2.56,30.5,23.4,0,0.0
1976,3,2026-08-24T07:00:00,84.7,18.7,48.88,28.34,15.77,9.13,31.1,76.8,0,0.0
1977,3,2026-08-24T08:00:00,87.52,20.4,53.42,28.34,17.69,9.63,33.0,75.5,0,0.0
1978,3,2026-08-24T09:00:00,94.97,21.23,61.29,32.77,18.43,11.32,32.6,85.8,0,0.0
1979,3,2026-08-24T10:00:00,125.63,24.7,74.46,33.18,25.61,12.76,32.7,94.1,0,0.0
1980,3,2026-08-24T11:00:00,156.28,27.09,74.87,33.84,24.84,13.42,34.1,88.5,0,0.0
1981,3,2026-08-24T12:00:00,134.19,24.47,67.25,39.04,23.26,11.43,32.2,100.0,0,0.0
1982,3,2026-08-24T13:00:00,147.63,66.17,77.96,37.21,20.38,12.09,33.5,96.2,1,0.0
1983,3,2026-08-24T14:00:00,124.96,27.39,65.92,34.28,24.36,12.24,30.7,89.5,0,0.0
1984,3,2026-08-24T15:00:00,116.48,25.12,67.36,35.97,21.43,13.71,32.4,84.1,0,0.0
1985,3,2026-08-24T16:00:00,129.15,26.03,70.65,35.15,25.14,11.82,29.9,98.2,0,0.0
1986,3,2026-08-24T17:00:00,142.46,26.07,67.55,38.12,21.98,12.97,29.9,92.2,0,0.0
1987,3,2026-08-24T18:00:00,103.5,17.45,42.99,24.39,16.79,8.04,29.8,65.8,0,0.0
1988,3,2026-08-24T19:00:00,170.16,17.37,119.68,27.56,14.9,8.03,27.5,56.6,1,0.5675
1989,3,2026-08-24T20:00:00,90.57,20.3,47.47,22.48,15.45,9.3,27.6,72.7,0,0.0
1990,3,2026-08-24T21:00:00,30.01,4.64,13.71,7.2,4.35,2.44,26.6,21.6,0,0.0
1991,3,2026-08-24T22:00:00,57.43,6.06,12.83,8.33,5.28,2.65,26.5,15.4,1,0.0
1992,3,2026-08-24T23:00:00,25.18,4.88,12.11,8.05,5.01,2.61,27.4,11.6,0,0.0
1993,3,2026-08-25T00:00:00,29.14,5.78,12.08,7.48,5.14,2.08,27.1,29.0,0,0.0
1994,3,2026-08-25T01:00:00,32.49,5.63,12.75,8.27,4.85,2.49,27.6,13.0,0,0.0
1995,3,2026-08-25T02:00:00,29.08,6.0,14.58,7.88,5.29,2.33,27.0,14.7,0,0.0
1996,3,2026-08-25T03:00:00,32.4,5.97,12.43,8.39,5.89,2.67,27.7,23.2,0,0.0
1997,3,2026-08-25T04:00:00,26.11,6.59,12.72,7.93,4.88,2.62,27.9,18.5,0,0.0
1998,3,2026-08-25T05:00:00,27.38,4.64,13.69,6.72,5.26,2.83,29.0,20.6,0,0.0
1999,3,2026-08-25T06:00:00,29.14,5.9,13.45,9.04,5.69,2.52,30.9,9.0,0,0.0
2000,3,2026-08-25T07:00:00,114.22,18.48,50.22,26.3,19.24,8.87,31.3,65.9,0,0.0
2001,3,2026-08-25T08:00:00,108.97,20.76,47.77,26.49,19.18,9.13,32.0,79.8,0,0.0
2002,3,2026-08-25T09:00:00,107.38,25.48,53.08,28.04,18.27,10.85,30.7,81.1,0,0.0
2003,3,2026-08-25T10:00:00,121.85,24.87,66.42,34.34,23.83,12.32,31.6,100.0,0,0.0
2004,3,2026-08-25T11:00:00,107.25,25.76,66.76,34.72,23.84,12.55,32.7,97.4,0,0.0
2005,3,2026-08-25T12:00:00,134.7,20.88,73.46,36.87,21.98,10.65,33.0,92.0,0,0.0
2006,3,2026-08-25T13:00:00,129.6,23.25,72.81,36.88,26.07,10.84,32.5,95.7,0,0.0
2007,3,2026-08-25T14:00:00,109.41,25.49,66.11,40.21,22.69,11.53,32.5,100.0,0,0.0
2008,3,2026-08-25T15:00:00,110.39,23.72,70.2,38.15,27.54,12.34,31.2,91.2,0,0.0
2009,3,2026-08-25T16:00:00,248.04,27.46,175.96,35.73,24.65,11.7,30.2,88.1,1,0.0
2010,3,2026-08-25T17:00:00,116.54,22.94,64.73,41.6,22.51,12.59,28.9,99.0,0,0.0
2011,3,2026-08-25T18:00:00,105.12,18.21,39.77,29.01,14.49,8.54,28.6,64.6,0,0.0
2012,3,2026-08-25T19:00:00,130.83,16.0,77.36,27.54,16.45,9.49,27.0,68.7,1,0.0
2013,3,2026-08-25T20:00:00,83.24,17.45,43.66,24.19,15.66,9.31,27.4,62.8,0,0.0
2014,3,2026-08-25T21:00:00,29.49,5.35,13.61,7.46,5.07,2.52,27.0,22.2,0,0.0
2015,3,2026-08-25T22:00:00,30.29,6.09,14.19,8.37,5.39,2.17,25.5,14.9,0,0.0
2016,3,2026-08-25T23:00:00,29.49,5.29,14.83,7.09,5.03,2.71,27.3,23.6,0,0.0
2017,3,2026-08-26T00:00:00,24.52,5.35,11.57,8.07,4.96,2.27,27.0,25.1,0,0.0
2018,3,2026-08-26T01:00:00,24.74,5.9,13.55,7.96,4.84,2.3,27.0,19.3,0,0.0
2019,3,2026-08-26T02:00:00,27.68,5.47,13.75,8.37,5.01,2.56,27.3,26.1,0,0.0
2020,3,2026-08-26T03:00:00,25.18,5.44,13.29,7.56,5.11,2.77,29.0,12.3,0,0.0
2021,3,2026-08-26T04:00:00,29.35,5.38,14.11,7.14,4.22,2.35,28.6,18.3,0,0.0
2022,3,2026-08-26T05:00:00,54.66,6.11,39.63,7.5,4.76,2.77,30.5,21.5,1,0.0
2023,3,2026-08-26T06:00:00,25.14,5.58,13.08,8.32,4.07,2.36,31.2,22.2,0,0.0
2024,3,2026-08-26T07:00:00,104.8,21.79,49.59,25.14,14.74,8.59,31.3,72.6,0,0.0
2025,3,2026-08-26T08:00:00,93.7,21.6,55.91,32.61,19.38,11.03,31.9,71.1,0,0.0
2026,3,2026-08-26T09:00:00,229.1,23.57,167.12,30.49,20.63,10.86,32.6,93.1,1,0.5589
2027,3,2026-08-26T10:00:00,123.94,28.87,82.7,32.52,26.95,10.61,34.3,98.1,0,0.0
2028,3,2026-08-26T11:00:00,141.11,27.32,67.72,41.52,24.67,12.2,31.9,92.7,0,0.0
2029,3,2026-08-26T12:00:00,131.88,25.41,69.36,37.34,23.31,12.45,32.4,95.0,0,0.0
2030,3,2026-08-26T13:00:00,126.11,26.47,75.31,39.84,23.87,11.76,33.6,91.7,0,0.0
2031,3,2026-08-26T14:00:00,140.19,25.53,70.74,41.69,25.97,12.89,32.2,99.4,0,0.0
2032,3,2026-08-26T15:00:00,126.95,27.4,68.44,35.99,21.51,10.68,31.5,98.8,0,0.0
2033,3,2026-08-26T16:00:00,108.24,23.79,69.04,40.44,26.77,10.26,30.6,94.9,0,0.0
2034,3,2026-08-26T17:00:00,113.49,24.07,64.25,34.26,23.71,11.0,29.0,87.2,0,0.0
2035,3,2026-08-26T18:00:00,87.34,18.51,45.63,24.09,15.31,6.79,30.7,60.8,0,0.0
2036,3,2026-08-26T19:00:00,103.35,19.19,41.0,22.27,16.53,8.21,30.0,63.6,0,0.0
2037,3,2026-08-26T20:00:00,88.81,15.86,39.72,26.41,16.08,9.16,26.8,67.2,0,0.0
2038,3,2026-08-26T21:00:00,24.32,5.65,15.07,7.99,4.61,2.47,26.8,15.7,0,0.0
2039,3,2026-08-26T22:00:00,26.44,5.55,14.76,7.85,4.82,2.51,26.4,16.8,0,0.0
2040,3,2026-08-26T23:00:00,24.9,5.73,11.63,8.02,4.54,3.02,26.9,28.5,0,0.0
2041,3,2026-08-27T00:00:00,30.14,5.36,11.78,7.67,4.87,2.31,25.5,6.4,0,0.0
2042,3,2026-08-27T01:00:00,26.85,5.86,10.91,8.94,4.68,2.8,27.3,28.9,0,0.0
2043,3,2026-08-27T02:00:00,27.55,5.08,13.0,8.63,4.3,2.7,27.3,23.8,0,0.0
2044,3,2026-08-27T03:00:00,26.0,5.83,13.69,7.84,4.94,2.63,27.3,19.2,0,0.0
2045,3,2026-08-27T04:00:00,30.53,5.6,11.82,8.24,5.14,2.33,28.8,22.6,0,0.0
2046,3,2026-08-27T05:00:00,28.28,5.29,12.22,7.5,4.87,2.43,28.7,25.6,0,0.0
2047,3,2026-08-27T06:00:00,27.01,4.78,11.56,7.74,5.25,2.78,29.8,23.6,0,0.0
2048,3,2026-08-27T07:00:00,106.42,18.2,47.19,29.13,15.28,9.66,31.0,73.0,0,0.0
2049,3,2026-08-27T08:00:00,94.77,23.08,51.68,33.05,19.82,10.3,32.0,65.4,0,0.0
2050,3,2026-08-27T09:00:00,116.86,23.93,61.46,31.07,21.13,9.85,32.1,82.5,0,0.0
2051,3,2026-08-27T10:00:00,130.74,29.18,73.38,40.36,23.71,12.35,32.4,94.8,0,0.0
2052,3,2026-08-27T11:00:00,123.32,26.95,72.16,36.31,20.95,11.65,33.5,94.1,0,0.0
2053,3,2026-08-27T12:00:00,126.22,31.61,69.08,35.65,20.6,12.4,31.9,97.8,0,0.0
2054,3,2026-08-27T13:00:00,128.35,23.53,77.39,37.65,22.45,12.41,33.7,89.9,0,0.0
2055,3,2026-08-27T14:00:00,121.25,26.2,65.23,36.61,25.5,12.01,30.5,100.0,0,0.0
2056,3,2026-08-27T15:00:00,126.1,26.47,57.64,35.58,25.77,11.29,31.3,92.5,0,0.0
2057,3,2026-08-27T16:00:00,324.19,28.16,66.9,39.32,21.41,12.82,29.2,95.5,1,0.5601
2058,3,2026-08-27T17:00:00,129.49,26.38,68.47,35.82,24.74,12.11,30.0,94.2,0,0.0
2059,3,2026-08-27T18:00:00,92.08,16.92,33.92,23.67,16.78,8.39,27.8,66.3,0,0.0
2060,3,2026-08-27T19:00:00,100.82,18.85,46.72,23.86,14.89,8.17,29.1,69.8,0,0.0
2061,3,2026-08-27T20:00:00,106.5,20.22,39.29,24.2,16.65,8.06,28.4,60.5,0,0.0
2062,3,2026-08-27T21:00:00,28.48,5.24,11.68,8.3,4.86,2.37,28.1,16.1,0,0.0
2063,3,2026-08-27T22:00:00,28.89,5.63,12.68,8.24,5.75,2.77,26.7,19.2,0,0.0
2064,3,2026-08-27T23:00:00,26.44,5.86,13.63,6.62,5.62,2.36,26.7,24.5,0,0.0
2065,3,2026-08-28T00:00:00,26.29,5.3,12.61,7.11,5.51,2.44,28.5,15.9,0,0.0
2066,3,2026-08-28T01:00:00,31.22,5.92,11.87,7.67,4.8,2.48,27.8,14.3,0,0.0
2067,3,2026-08-28T02:00:00,30.61,5.22,12.21,7.28,4.92,2.12,28.0,27.7,0,0.0
2068,3,2026-08-28T03:00:00,29.9,5.88,13.43,8.03,5.74,2.77,27.8,21.3,0,0.0
2069,3,2026-08-28T04:00:00,29.34,5.28,11.61,7.99,4.76,2.74,29.6,24.2,0,0.0
2070,3,2026-08-28T05:00:00,27.33,5.7,14.18,8.51,4.64,2.48,28.4,28.6,0,0.0
2071,3,2026-08-28T06:00:00,27.35,6.05,14.15,7.56,4.77,2.46,29.9,19.2,0,0.0
2072,3,2026-08-28T07:00:00,101.88,21.85,51.89,24.06,17.63,10.88,31.6,63.1,0,0.0
2073,3,2026-08-28T08:00:00,106.03,20.67,51.44,28.93,19.23,10.0,31.6,69.5,0,0.0
2074,3,2026-08-28T09:00:00,112.19,22.83,54.91,32.07,20.94,9.73,32.1,81.4,0,0.0
2075,3,2026-08-28T10:00:00,146.87,24.21,68.58,33.68,24.53,13.37,32.0,98.8,0,0.0
2076,3,2026-08-28T11:00:00,139.99,26.67,69.45,42.82,20.65,11.45,33.3,96.7,0,0.0
2077,3,2026-08-28T12:00:00,149.51,28.67,77.13,38.07,24.23,11.25,33.3,91.6,0,0.0
2078,3,2026-08-28T13:00:00,123.35,24.83,77.25,36.57,21.83,12.73,33.1,87.6,0,0.0
2079,3,2026-08-28T14:00:00,141.5,26.3,63.27,37.55,22.39,13.76,32.5,91.7,0,0.0
2080,3,2026-08-28T15:00:00,147.23,25.87,63.3,38.99,24.71,12.13,31.8,98.9,0,0.0
2081,3,2026-08-28T16:00:00,125.99,23.61,68.79,30.68,22.28,11.43,31.7,92.3,0,0.0
2082,3,2026-08-28T17:00:00,124.85,24.69,63.39,35.36,23.31,9.99,28.1,93.5,0,0.0
2083,3,2026-08-28T18:00:00,77.02,17.01,44.52,27.07,14.43,7.33,28.8,58.2,0,0.0
2084,3,2026-08-28T19:00:00,79.54,15.76,41.29,27.76,14.43,8.18,29.0,65.6,0,0.0
2085,3,2026-08-28T20:00:00,91.59,17.0,38.67,30.36,18.37,8.75,28.2,56.4,0,0.0
2086,3,2026-08-28T21:00:00,30.52,5.57,11.61,7.71,4.84,2.56,27.3,13.0,0,0.0
2087,3,2026-08-28T22:00:00,30.56,5.77,12.89,7.55,5.26,2.84,27.0,19.5,0,0.0
2088,3,2026-08-28T23:00:00,27.57,5.71,10.73,7.2,5.7,2.37,26.0,11.6,0,0.0
2089,3,2026-08-29T00:00:00,19.18,4.05,9.86,5.41,3.49,2.14,27.3,23.0,0,0.0
2090,3,2026-08-29T01:00:00,19.98,3.94,9.53,5.65,3.87,1.69,27.9,14.8,0,0.0
2091,3,2026-08-29T02:00:00,19.12,4.67,9.58,5.16,3.9,2.21,27.5,16.0,0,0.0
2092,3,2026-08-29T03:00:00,21.86,4.07,11.58,5.93,3.18,2.08,28.5,14.6,0,0.0
2093,3,2026-08-29T04:00:00,19.84,4.35,9.56,5.71,4.09,2.08,28.4,7.1,0,0.0
2094,3,2026-08-29T05:00:00,18.9,4.71,9.56,6.7,3.61,1.97,30.4,16.8,0,0.0
2095,3,2026-08-29T06:00:00,23.16,4.63,9.3,5.86,3.21,2.16,29.7,18.6,0,0.0
2096,3,2026-08-29T07:00:00,20.86,3.84,10.36,6.19,3.41,1.81,30.0,10.5,0,0.0
2097,3,2026-08-29T08:00:00,40.58,8.2,21.74,12.08,8.13,3.91,33.9,37.2,0,0.0
2098,3,2026-08-29T09:00:00,37.22,9.53,21.59,11.75,6.8,4.11,33.1,32.5,0,0.0
2099,3,2026-08-29T10:00:00,45.16,9.17,22.91,12.53,7.54,3.31,31.5,32.6,0,0.0
2100,3,2026-08-29T11:00:00,41.03,8.11,21.65,11.76,7.93,3.6,31.8,29.4,0,0.0
2101,3,2026-08-29T12:00:00,43.27,9.95,21.9,11.83,9.29,3.16,32.5,32.9,0,0.0
2102,3,2026-08-29T13:00:00,40.3,8.68,23.39,9.79,7.1,4.69,31.8,28.0,0,0.0
2103,3,2026-08-29T14:00:00,43.17,8.42,25.94,13.67,7.83,3.61,32.9,32.5,0,0.0
2104,3,2026-08-29T15:00:00,40.38,8.64,20.17,10.65,6.8,3.53,32.0,26.8,0,0.0
2105,3,2026-08-29T16:00:00,34.62,8.42,20.64,11.57,7.03,3.93,30.9,18.8,0,0.0
2106,3,2026-08-29T17:00:00,38.37,8.36,21.66,11.71,6.48,3.82,30.3,36.8,0,0.0
2107,3,2026-08-29T18:00:00,21.38,3.59,9.89,5.79,3.6,1.97,28.2,8.8,0,0.0
2108,3,2026-08-29T19:00:00,20.43,4.32,8.06,6.13,4.53,2.09,28.4,3.1,0,0.0
2109,3,2026-08-29T20:00:00,20.72,3.64,10.56,5.11,3.83,2.08,28.9,15.9,0,0.0
2110,3,2026-08-29T21:00:00,22.92,4.09,10.26,6.07,3.44,1.94,27.2,2.2,0,0.0
2111,3,2026-08-29T22:00:00,22.21,4.07,9.51,5.34,3.81,1.91,26.8,8.3,0,0.0
2112,3,2026-08-29T23:00:00,20.43,3.57,9.95,6.67,4.3,1.98,26.3,17.4,0,0.0
2113,3,2026-08-30T00:00:00,21.98,4.03,10.02,5.94,3.65,2.18,27.0,7.3,0,0.0
2114,3,2026-08-30T01:00:00,19.27,4.08,9.36,5.86,3.76,2.17,25.9,17.7,0,0.0
2115,3,2026-08-30T02:00:00,18.02,4.62,9.04,5.74,3.39,2.07,26.8,8.9,0,0.0
2116,3,2026-08-30T03:00:00,21.7,4.64,10.69,6.24,4.06,1.78,28.9,13.5,0,0.0
2117,3,2026-08-30T04:00:00,19.57,3.87,9.37,4.52,4.01,1.98,27.6,18.0,0,0.0
2118,3,2026-08-30T05:00:00,21.93,4.9,10.74,6.15,3.69,1.88,30.3,12.2,0,0.0
2119,3,2026-08-30T06:00:00,21.39,4.44,10.67,5.95,3.51,1.91,29.9,11.8,0,0.0
2120,3,2026-08-30T07:00:00,21.15,4.12,10.26,5.58,3.91,2.15,30.6,16.5,0,0.0
2121,3,2026-08-30T08:00:00,39.57,8.21,20.89,11.96,7.14,4.3,31.7,28.3,0,0.0
2122,3,2026-08-30T09:00:00,42.24,9.0,23.48,11.78,7.52,4.14,33.0,17.6,0,0.0
2123,3,2026-08-30T10:00:00,42.61,8.56,25.5,12.53,8.14,3.98,33.3,32.0,0,0.0
2124,3,2026-08-30T11:00:00,41.17,7.75,18.1,11.59,7.11,3.93,31.7,31.0,0,0.0
2125,3,2026-08-30T12:00:00,39.38,6.02,22.89,10.17,8.08,4.04,32.7,31.9,0,0.0
2126,3,2026-08-30T13:00:00,33.89,8.62,23.92,11.73,7.51,4.48,32.8,28.7,0,0.0
2127,3,2026-08-30T14:00:00,39.21,9.16,22.6,11.36,8.03,4.18,31.7,30.4,0,0.0
2128,3,2026-08-30T15:00:00,46.36,7.98,23.06,12.88,8.4,3.67,31.2,27.9,0,0.0
2129,3,2026-08-30T16:00:00,36.62,8.81,22.08,12.87,7.6,3.72,30.9,26.4,0,0.0
2130,3,2026-08-30T17:00:00,46.25,7.42,22.84,12.2,7.9,4.72,31.0,32.0,0,0.0
2131,3,2026-08-30T18:00:00,24.05,4.26,9.56,6.3,3.81,2.11,30.0,19.0,0,0.0
2132,3,2026-08-30T19:00:00,23.68,3.81,10.33,5.75,3.88,1.73,29.5,19.7,0,0.0
2133,3,2026-08-30T20:00:00,23.24,4.5,8.71,6.13,3.2,2.18,27.1,14.1,0,0.0
2134,3,2026-08-30T21:00:00,22.34,4.57,10.2,5.55,3.71,2.21,27.5,16.2,0,0.0
2135,3,2026-08-30T22:00:00,21.93,4.26,9.81,5.82,3.99,2.0,25.5,12.8,0,0.0
2136,3,2026-08-30T23:00:00,21.19,3.97,9.34,5.06,4.22,2.05,26.3,13.8,0,0.0
2137,3,2026-08-31T00:00:00,25.72,6.15,12.89,8.32,5.06,2.44,25.5,19.8,0,0.0
2138,3,2026-08-31T01:00:00,27.78,5.79,13.03,9.4,4.73,2.73,27.0,27.3,0,0.0
2139,3,2026-08-31T02:00:00,28.05,5.5,12.55,7.07,5.21,3.05,27.6,21.0,0,0.0
2140,3,2026-08-31T03:00:00,28.01,5.56,13.03,7.84,4.7,2.51,28.5,27.6,0,0.0
2141,3,2026-08-31T04:00:00,28.95,5.26,13.92,7.82,4.38,2.71,28.2,20.0,0,0.0
2142,3,2026-08-31T05:00:00,84.8,6.1,15.94,7.46,4.5,2.33,30.5,13.3,1,0.5601
2143,3,2026-08-31T06:00:00,30.36,5.37,12.62,6.47,4.61,2.59,30.5,18.5,0,0.0
2144,3,2026-08-31T07:00:00,98.78,21.12,44.18,26.17,19.89,9.75,32.4,67.2,0,0.0
2145,3,2026-08-31T08:00:00,105.0,19.12,61.28,29.71,19.83,9.66,32.3,78.5,0,0.0
2146,3,2026-08-31T09:00:00,119.53,21.47,55.61,33.91,21.76,10.72,30.5,81.1,0,0.0
2147,3,2026-08-31T10:00:00,123.67,24.89,66.55,38.49,20.67,12.46,31.4,95.8,0,0.0
2148,3,2026-08-31T11:00:00,118.5,24.89,71.58,37.88,23.87,11.44,31.5,97.9,0,0.0
2149,3,2026-08-31T12:00:00,142.84,28.74,66.07,43.15,23.47,10.89,31.6,97.8,0,0.0
2150,3,2026-08-31T13:00:00,140.6,29.4,70.94,36.63,25.84,13.63,32.9,90.9,0,0.0
2151,3,2026-08-31T14:00:00,137.73,26.7,57.17,39.25,23.73,13.3,31.8,93.8,0,0.0
2152,3,2026-08-31T15:00:00,135.06,25.25,60.31,37.14,25.51,12.58,31.7,90.4,0,0.0
2153,3,2026-08-31T16:00:00,131.01,26.68,71.5,35.9,23.51,13.52,31.0,98.6,0,0.0
2154,3,2026-08-31T17:00:00,132.36,28.08,65.08,35.7,25.22,12.91,30.5,96.3,0,0.0
2155,3,2026-08-31T18:00:00,86.23,20.01,39.76,29.31,14.09,9.3,28.2,67.5,0,0.0
2156,3,2026-08-31T19:00:00,96.6,19.01,42.74,25.7,16.28,8.7,28.1,66.1,0,0.0
2157,3,2026-08-31T20:00:00,80.06,18.07,45.51,23.86,18.07,8.72,28.6,65.9,0,0.0
2158,3,2026-08-31T21:00:00,28.89,5.12,12.82,7.71,4.96,2.36,28.5,31.1,0,0.0
2159,3,2026-08-31T22:00:00,24.41,5.86,12.55,8.41,5.78,2.35,26.7,11.2,0,0.0
2160,3,2026-08-31T23:00:00,27.69,5.56,11.94,7.34,5.19,2.73,27.3,21.9,0,0.0
2161,3,2026-09-01T00:00:00,30.66,6.41,15.18,7.63,4.72,2.59,25.6,24.6,0,0.0
2162,3,2026-09-01T01:00:00,27.77,5.79,12.01,7.72,4.92,2.43,27.1,11.6,0,0.0
2163,3,2026-09-01T02:00:00,26.76,6.0,13.61,7.81,4.37,3.04,27.0,15.4,0,0.0
2164,3,2026-09-01T03:00:00,22.59,5.19,12.68,8.05,5.74,2.76,28.3,16.6,0,0.0
2165,3,2026-09-01T04:00:00,27.24,5.64,12.81,7.3,4.84,2.64,27.7,21.5,0,0.0
2166,3,2026-09-01T05:00:00,28.38,6.15,15.06,7.34,4.83,3.16,29.4,19.4,0,0.0
2167,3,2026-09-01T06:00:00,29.38,4.69,14.0,8.0,4.88,2.61,30.6,13.7,0,0.0
2168,3,2026-09-01T07:00:00,96.55,18.0,44.91,24.11,15.65,9.39,31.3,73.3,0,0.0
2169,3,2026-09-01T08:00:00,103.47,20.44,51.06,25.33,18.35,10.58,31.5,80.2,0,0.0
2170,3,2026-09-01T09:00:00,101.97,25.94,58.47,31.88,20.02,9.76,30.9,81.8,0,0.0
2171,3,2026-09-01T10:00:00,145.07,27.3,73.29,34.56,24.05,11.04,31.7,94.3,0,0.0
2172,3,2026-09-01T11:00:00,134.11,27.39,69.32,42.15,23.25,12.59,32.2,95.9,0,0.0
2173,3,2026-09-01T12:00:00,143.59,28.29,76.25,41.7,26.41,12.35,33.5,96.2,0,0.0
2174,3,2026-09-01T13:00:00,129.68,25.19,74.73,36.11,24.38,13.33,31.9,100.0,0,0.0
2175,3,2026-09-01T14:00:00,123.18,26.6,69.77,37.69,25.03,11.31,30.9,91.5,0,0.0
2176,3,2026-09-01T15:00:00,125.07,26.67,72.59,39.65,24.05,11.66,29.9,100.0,0,0.0
2177,3,2026-09-01T16:00:00,125.72,23.36,63.2,37.08,25.17,12.07,30.4,94.5,0,0.0
2178,3,2026-09-01T17:00:00,110.89,26.45,65.15,35.9,25.52,11.76,29.3,81.5,0,0.0
2179,3,2026-09-01T18:00:00,90.31,17.98,41.55,24.53,17.69,7.11,29.9,63.5,0,0.0
2180,3,2026-09-01T19:00:00,86.13,18.95,45.24,24.87,15.84,9.01,28.8,68.9,0,0.0
2181,3,2026-09-01T20:00:00,98.73,18.65,35.87,26.51,14.03,8.26,27.7,64.0,0,0.0
2182,3,2026-09-01T21:00:00,29.08,5.54,11.45,8.15,4.31,2.21,26.8,21.8,0,0.0
2183,3,2026-09-01T22:00:00,29.1,5.94,12.67,6.92,4.66,2.64,26.8,13.9,0,0.0
2184,3,2026-09-01T23:00:00,28.4,6.2,13.53,7.25,5.68,2.67,24.8,23.7,0,0.0
2185,3,2026-09-02T00:00:00,28.34,5.58,12.84,7.12,5.1,2.68,27.7,23.4,0,0.0
2186,3,2026-09-02T01:00:00,26.92,6.69,12.83,8.41,5.41,2.8,27.0,24.6,0,0.0
2187,3,2026-09-02T02:00:00,25.86,5.72,11.91,8.19,4.61,2.4,27.4,20.9,0,0.0
2188,3,2026-09-02T03:00:00,29.2,5.0,12.23,7.59,4.0,2.89,26.6,16.8,0,0.0
2189,3,2026-09-02T04:00:00,26.01,5.81,14.27,7.9,4.72,2.65,30.3,21.5,0,0.0
2190,3,2026-09-02T05:00:00,28.04,5.1,15.61,8.23,5.19,2.58,29.2,28.7,0,0.0
2191,3,2026-09-02T06:00:00,29.51,5.84,14.58,8.3,5.04,2.43,29.9,18.9,0,0.0
2192,3,2026-09-02T07:00:00,98.69,19.03,52.45,28.73,17.7,10.53,30.9,71.0,0,0.0
2193,3,2026-09-02T08:00:00,106.12,18.35,49.46,31.85,18.95,10.95,31.8,74.5,0,0.0
2194,3,2026-09-02T09:00:00,121.01,23.75,60.0,28.65,19.34,10.46,30.7,80.2,0,0.0
2195,3,2026-09-02T10:00:00,133.57,25.37,75.9,35.43,23.88,10.56,32.6,94.7,0,0.0
2196,3,2026-09-02T11:00:00,112.64,29.87,63.79,37.7,22.36,12.7,32.6,93.0,0,0.0
2197,3,2026-09-02T12:00:00,110.06,28.64,69.16,38.23,23.93,11.27,32.4,92.7,0,0.0
2198,3,2026-09-02T13:00:00,139.93,24.07,69.78,36.71,22.53,13.21,31.5,100.0,0,0.0
2199,3,2026-09-02T14:00:00,134.05,27.86,70.23,31.36,22.7,12.51,32.1,89.4,0,0.0
2200,3,2026-09-02T15:00:00,133.89,26.6,65.42,37.31,22.78,11.77,31.1,97.6,0,0.0
2201,3,2026-09-02T16:00:00,122.29,26.96,64.39,41.4,24.55,11.21,29.5,100.0,0,0.0
2202,3,2026-09-02T17:00:00,129.54,30.51,59.31,38.15,22.58,11.94,27.9,87.8,0,0.0
2203,3,2026-09-02T18:00:00,93.9,16.84,40.78,28.73,15.73,8.89,28.1,69.4,0,0.0
2204,3,2026-09-02T19:00:00,86.33,19.39,37.66,26.03,17.18,9.25,26.4,60.3,0,0.0
2205,3,2026-09-02T20:00:00,104.8,19.97,39.45,20.68,16.68,9.13,28.4,62.3,0,0.0
2206,3,2026-09-02T21:00:00,26.03,5.59,13.44,7.39,4.55,3.02,26.4,23.4,0,0.0
2207,3,2026-09-02T22:00:00,24.24,5.42,15.55,7.02,4.75,2.78,25.9,21.6,0,0.0
2208,3,2026-09-02T23:00:00,51.88,5.39,36.81,6.88,5.51,2.69,25.9,22.6,1,0.0
2209,3,2026-09-03T00:00:00,27.47,5.62,11.9,8.01,5.26,2.5,27.0,16.3,0,0.0
2210,3,2026-09-03T01:00:00,29.13,5.89,13.47,7.3,4.84,2.52,25.4,20.8,0,0.0
2211,3,2026-09-03T02:00:00,27.49,5.88,12.04,7.74,5.12,2.28,27.0,25.5,0,0.0
2212,3,2026-09-03T03:00:00,28.42,5.77,13.68,9.14,5.11,2.63,27.2,10.5,0,0.0
2213,3,2026-09-03T04:00:00,25.15,5.77,10.94,6.78,5.19,2.62,29.0,17.1,0,0.0
2214,3,2026-09-03T05:00:00,26.55,5.56,14.08,7.26,4.9,2.64,29.8,22.1,0,0.0
2215,3,2026-09-03T06:00:00,29.34,5.65,13.51,7.49,5.25,2.15,29.0,26.6,0,0.0
2216,3,2026-09-03T07:00:00,93.86,18.48,50.23,27.08,17.02,9.22,29.8,68.4,0,0.0
2217,3,2026-09-03T08:00:00,100.14,19.56,55.74,26.61,21.14,11.3,29.8,80.5,0,0.0
2218,3,2026-09-03T09:00:00,117.21,23.55,51.26,25.74,19.73,11.03,30.5,88.7,0,0.0
2219,3,2026-09-03T10:00:00,154.69,25.43,71.8,38.48,24.15,12.16,32.8,100.0,0,0.0
2220,3,2026-09-03T11:00:00,277.66,23.03,201.09,40.81,23.58,12.19,34.0,96.6,1,0.5672
2221,3,2026-09-03T12:00:00,112.66,25.92,64.2,35.07,22.97,11.42,30.3,80.3,0,0.0
2222,3,2026-09-03T13:00:00,133.56,27.88,68.66,36.14,22.41,14.91,30.8,99.0,0,0.0
2223,3,2026-09-03T14:00:00,128.64,27.77,60.86,38.36,22.4,13.28,30.5,100.0,0,0.0
2224,3,2026-09-03T15:00:00,130.04,23.77,61.41,35.83,23.73,13.92,30.1,96.2,0,0.0
2225,3,2026-09-03T16:00:00,132.52,26.46,70.51,37.14,26.93,12.47,29.0,94.1,0,0.0
2226,3,2026-09-03T17:00:00,133.42,24.23,73.14,41.59,25.18,13.21,29.3,100.0,0,0.0
2227,3,2026-09-03T18:00:00,83.86,18.43,45.47,24.34,17.24,8.29,29.6,64.4,0,0.0
2228,3,2026-09-03T19:00:00,106.39,18.24,41.74,26.64,17.04,8.33,28.0,66.1,0,0.0
2229,3,2026-09-03T20:00:00,76.27,20.18,36.03,29.89,18.29,8.54,27.7,69.5,0,0.0
2230,3,2026-09-03T21:00:00,31.14,5.58,12.75,8.43,4.49,2.3,26.0,17.2,0,0.0
2231,3,2026-09-03T22:00:00,29.42,5.24,12.81,8.15,5.23,2.71,26.4,24.5,0,0.0
2232,3,2026-09-03T23:00:00,28.13,5.42,12.57,7.02,4.87,2.78,27.2,12.3,0,0.0
2233,4,2026-08-04T00:00:00,293.41,14.72,155.85,9.23,121.68,40.19,28.2,76.2,0,0.0
2234,4,2026-08-04T01:00:00,264.51,17.39,137.39,9.62,125.17,35.77,27.1,84.5,0,0.0
2235,4,2026-08-04T02:00:00,348.7,14.72,127.66,8.0,113.64,39.0,29.9,77.4,0,0.0
2236,4,2026-08-04T03:00:00,303.03,17.45,144.02,8.97,123.06,37.13,30.0,85.0,0,0.0
2237,4,2026-08-04T04:00:00,287.57,15.84,149.78,9.75,99.89,36.78,31.8,82.3,0,0.0
2238,4,2026-08-04T05:00:00,282.89,15.71,147.33,9.15,121.83,35.24,32.2,78.7,0,0.0
2239,4,2026-08-04T06:00:00,335.65,21.88,202.38,10.29,155.69,50.18,31.9,100.0,1,0.5638
2240,4,2026-08-04T07:00:00,356.26,21.51,201.41,12.33,161.44,47.9,33.1,100.0,1,0.5632
2241,4,2026-08-04T08:00:00,349.18,21.38,226.94,10.51,160.71,49.52,33.8,99.2,1,0.5908
2242,4,2026-08-04T09:00:00,318.18,18.72,225.65,11.55,148.82,46.72,33.6,95.3,1,0.5895
2243,4,2026-08-04T10:00:00,350.45,21.45,212.47,8.51,144.12,41.25,35.3,98.2,0,0.0
2244,4,2026-08-04T11:00:00,322.51,20.91,199.77,11.11,152.78,40.91,33.1,93.9,0,0.0
2245,4,2026-08-04T12:00:00,381.85,15.26,178.62,11.26,126.15,41.45,33.3,100.0,0,0.0
2246,4,2026-08-04T13:00:00,365.42,16.22,182.53,8.82,141.57,43.72,33.3,88.1,0,0.0
2247,4,2026-08-04T14:00:00,340.64,16.93,168.64,9.21,118.8,42.03,31.9,89.7,0,0.0
2248,4,2026-08-04T15:00:00,326.58,15.69,171.56,7.49,122.97,35.76,33.0,79.6,0,0.0
2249,4,2026-08-04T16:00:00,307.12,17.27,155.27,7.68,107.7,38.31,32.2,75.4,0,0.0
2250,4,2026-08-04T17:00:00,214.94,12.43,136.47,8.05,114.31,33.5,31.2,72.7,0,0.0
2251,4,2026-08-04T18:00:00,260.65,13.71,139.99,8.44,98.93,33.98,31.7,65.4,0,0.0
2252,4,2026-08-04T19:00:00,250.18,14.63,121.27,7.87,101.8,33.59,29.2,66.5,0,0.0
2253,4,2026-08-04T20:00:00,219.73,12.61,131.08,7.92,112.72,34.06,30.1,70.4,0,0.0
2254,4,2026-08-04T21:00:00,283.83,15.6,130.66,8.34,110.8,33.88,29.7,73.7,0,0.0
2255,4,2026-08-04T22:00:00,275.75,15.27,122.35,7.97,131.16,34.47,27.9,70.9,0,0.0
2256,4,2026-08-04T23:00:00,283.25,12.63,108.53,9.05,112.9,41.24,27.9,79.0,0,0.0
2257,4,2026-08-05T00:00:00,286.38,16.11,114.34,8.53,134.25,37.05,28.7,83.1,0,0.0
2258,4,2026-08-05T01:00:00,314.48,15.23,127.12,7.63,118.54,38.12,28.4,77.5,0,0.0
2259,4,2026-08-05T02:00:00,306.05,16.76,134.87,8.41,130.27,38.08,28.9,82.5,0,0.0
2260,4,2026-08-05T03:00:00,317.15,16.76,142.63,10.32,123.61,30.66,30.2,82.0,0,0.0
2261,4,2026-08-05T04:00:00,299.95,15.32,147.02,8.71,125.8,36.78,29.4,84.2,0,0.0
2262,4,2026-08-05T05:00:00,298.82,17.03,148.49,8.92,117.43,33.63,30.9,79.6,0,0.0
2263,4,2026-08-05T06:00:00,371.65,20.55,195.87,10.41,146.62,47.27,33.4,95.2,0,0.0
2264,4,2026-08-05T07:00:00,403.51,21.34,218.83,11.43,153.38,47.02,32.7,90.7,0,0.0
2265,4,2026-08-05T08:00:00,379.81,22.81,150.86,9.7,164.53,46.5,32.4,95.2,0,0.0
2266,4,2026-08-05T09:00:00,435.47,18.99,205.72,10.85,148.4,39.84,33.9,98.7,0,0.0
2267,4,2026-08-05T10:00:00,415.47,19.59,222.18,10.79,138.14,48.19,33.9,94.2,0,0.0
2268,4,2026-08-05T11:00:00,357.06,18.97,203.41,11.25,143.56,45.36,34.5,89.3,0,0.0
2269,4,2026-08-05T12:00:00,385.63,16.77,185.32,10.48,149.7,42.32,34.2,88.3,0,0.0
2270,4,2026-08-05T13:00:00,356.36,18.61,172.59,10.63,126.77,37.43,31.8,87.4,0,0.0
2271,4,2026-08-05T14:00:00,281.49,17.42,169.78,10.12,113.94,37.36,32.3,87.4,0,0.0
2272,4,2026-08-05T15:00:00,293.46,15.85,173.22,9.35,126.41,34.8,31.2,85.4,0,0.0
2273,4,2026-08-05T16:00:00,290.61,17.57,125.68,8.98,126.84,39.08,31.7,77.9,0,0.0
2274,4,2026-08-05T17:00:00,312.85,15.72,145.71,7.63,111.42,29.4,30.5,79.8,0,0.0
2275,4,2026-08-05T18:00:00,283.37,15.03,142.95,8.42,100.15,33.77,32.0,76.9,0,0.0
2276,4,2026-08-05T19:00:00,580.29,13.73,112.1,8.3,110.48,33.94,28.9,69.2,1,0.5756
2277,4,2026-08-05T20:00:00,250.34,14.14,127.02,7.95,116.54,29.14,29.7,69.7,0,0.0
2278,4,2026-08-05T21:00:00,290.2,15.33,105.82,7.09,96.32,30.86,28.0,69.0,0,0.0
2279,4,2026-08-05T22:00:00,261.59,11.0,109.03,7.09,110.42,38.17,28.0,73.5,0,0.0
2280,4,2026-08-05T23:00:00,251.97,14.6,137.43,7.41,108.61,36.45,28.4,78.1,0,0.0
2281,4,2026-08-06T00:00:00,351.77,14.54,135.44,8.53,131.3,33.98,28.0,81.8,0,0.0
2282,4,2026-08-06T01:00:00,348.71,15.19,136.2,9.04,134.85,39.23,28.9,76.1,0,0.0
2283,4,2026-08-06T02:00:00,292.86,18.02,158.9,7.65,149.45,39.55,29.9,69.4,0,0.0
2284,4,2026-08-06T03:00:00,305.86,18.22,129.3,10.11,126.6,33.63,28.5,81.3,0,0.0
2285,4,2026-08-06T04:00:00,302.62,17.5,157.34,7.95,127.72,37.9,30.3,82.8,0,0.0
2286,4,2026-08-06T05:00:00,275.63,15.16,154.04,10.26,118.33,34.72,30.7,86.8,0,0.0
2287,4,2026-08-06T06:00:00,337.17,19.37,175.43,11.64,161.85,49.95,31.0,97.7,0,0.0
2288,4,2026-08-06T07:00:00,388.77,19.85,211.32,11.72,166.1,48.58,33.2,98.5,0,0.0
2289,4,2026-08-06T08:00:00,366.28,20.3,193.88,10.45,158.45,49.83,32.3,94.6,0,0.0
2290,4,2026-08-06T09:00:00,344.25,19.2,191.35,11.47,161.96,42.02,33.6,100.0,0,0.0
2291,4,2026-08-06T10:00:00,334.02,16.21,189.99,9.88,149.85,48.41,33.3,99.6,0,0.0
2292,4,2026-08-06T11:00:00,314.85,17.64,207.68,10.06,153.49,42.87,35.0,98.5,0,0.0
2293,4,2026-08-06T12:00:00,354.24,19.15,233.69,9.31,132.53,41.54,33.7,93.0,0,0.0
2294,4,2026-08-06T13:00:00,361.9,51.75,173.1,8.56,142.63,37.61,34.7,92.4,1,0.5686
2295,4,2026-08-06T14:00:00,311.35,19.92,181.51,8.1,117.67,38.77,32.0,84.2,0,0.0
2296,4,2026-08-06T15:00:00,331.7,15.09,157.87,9.7,116.33,37.12,33.1,83.1,0,0.0
2297,4,2026-08-06T16:00:00,288.38,13.99,160.66,9.12,132.48,37.18,31.0,82.5,0,0.0
2298,4,2026-08-06T17:00:00,442.37,13.95,297.12,8.27,106.01,30.96,30.9,67.6,1,0.5876
2299,4,2026-08-06T18:00:00,263.67,13.87,130.16,8.68,105.64,32.94,30.8,89.9,0,0.0
2300,4,2026-08-06T19:00:00,228.33,12.05,125.72,7.8,106.82,33.74,28.8,69.3,0,0.0
2301,4,2026-08-06T20:00:00,303.11,13.76,117.13,7.23,111.0,32.62,29.8,74.7,0,0.0
2302,4,2026-08-06T21:00:00,269.47,13.93,109.25,8.1,109.85,29.54,29.4,65.9,0,0.0
2303,4,2026-08-06T22:00:00,277.31,12.39,123.55,8.48,119.77,32.24,27.7,76.4,0,0.0
2304,4,2026-08-06T23:00:00,320.55,12.95,129.13,7.17,119.44,34.62,28.3,70.4,0,0.0
2305,4,2026-08-07T00:00:00,305.85,15.04,134.19,7.51,131.45,41.2,28.7,86.9,0,0.0
2306,4,2026-08-07T01:00:00,267.4,16.43,119.14,10.02,117.07,37.3,25.8,82.5,0,0.0
2307,4,2026-08-07T02:00:00,314.43,15.81,125.65,8.2,113.78,39.34,28.2,82.2,0,0.0
2308,4,2026-08-07T03:00:00,345.6,17.89,152.05,7.98,129.01,38.6,28.9,79.0,0,0.0
2309,4,2026-08-07T04:00:00,301.62,16.86,140.45,8.66,114.29,43.82,29.7,77.5,0,0.0
2310,4,2026-08-07T05:00:00,293.51,14.56,139.67,9.6,104.35,32.4,30.2,74.5,0,0.0
2311,4,2026-08-07T06:00:00,346.79,21.39,183.87,10.13,142.46,35.5,30.6,99.9,0,0.0
2312,4,2026-08-07T07:00:00,366.42,19.65,183.1,10.4,151.59,47.79,31.6,100.0,0,0.0
2313,4,2026-08-07T08:00:00,412.72,21.42,209.09,12.2,152.2,41.14,33.6,95.0,0,0.0
2314,4,2026-08-07T09:00:00,371.92,19.91,216.74,11.03,155.71,44.2,34.6,100.0,1,0.5666
2315,4,2026-08-07T10:00:00,344.37,18.24,217.79,9.61,176.96,43.3,33.4,100.0,1,0.576
2316,4,2026-08-07T11:00:00,370.84,19.39,208.44,10.39,144.66,39.4,34.0,94.9,0,0.0
2317,4,2026-08-07T12:00:00,406.01,17.47,186.56,10.21,131.48,40.18,33.1,99.1,0,0.0
2318,4,2026-08-07T13:00:00,380.31,17.92,179.59,9.16,150.12,40.41,33.2,86.1,0,0.0
2319,4,2026-08-07T14:00:00,320.8,16.94,202.77,9.69,140.12,40.46,32.5,84.2,0,0.0
2320,4,2026-08-07T15:00:00,297.24,15.33,191.14,10.11,140.49,29.62,33.4,77.4,0,0.0
2321,4,2026-08-07T16:00:00,263.34,15.54,149.41,8.73,128.48,33.01,32.2,82.8,0,0.0
2322,4,2026-08-07T17:00:00,283.24,16.06,159.66,7.91,107.91,34.41,32.1,67.1,0,0.0
2323,4,2026-08-07T18:00:00,217.63,13.45,138.21,7.47,111.57,32.92,30.0,79.9,0,0.0
2324,4,2026-08-07T19:00:00,318.32,13.69,109.84,7.85,109.46,35.29,28.6,72.4,0,0.0
2325,4,2026-08-07T20:00:00,278.24,14.92,127.99,7.66,93.88,32.32,29.0,66.9,0,0.0
2326,4,2026-08-07T21:00:00,277.16,12.62,127.8,6.94,105.19,30.74,29.6,70.2,0,0.0
2327,4,2026-08-07T22:00:00,277.2,16.47,130.26,6.77,103.16,32.3,27.6,78.7,0,0.0
2328,4,2026-08-07T23:00:00,710.91,13.35,128.21,7.37,123.48,33.82,28.2,76.1,1,0.6133
2329,4,2026-08-08T00:00:00,307.95,13.43,121.85,8.02,103.24,34.61,27.3,70.9,0,0.0
2330,4,2026-08-08T01:00:00,302.35,15.72,147.22,8.7,112.87,36.47,28.7,84.9,0,0.0
2331,4,2026-08-08T02:00:00,302.81,16.01,132.34,8.56,130.57,36.56,29.0,71.9,0,0.0
2332,4,2026-08-08T03:00:00,284.0,14.7,144.87,9.92,111.0,36.83,29.7,87.4,0,0.0
2333,4,2026-08-08T04:00:00,300.44,16.07,146.12,8.84,128.89,37.02,30.4,79.3,0,0.0
2334,4,2026-08-08T05:00:00,351.61,14.26,149.01,8.93,122.53,37.69,30.3,73.9,0,0.0
2335,4,2026-08-08T06:00:00,420.78,39.31,200.31,11.6,151.36,45.0,32.3,96.6,1,0.5923
2336,4,2026-08-08T07:00:00,343.33,17.56,195.66,13.25,150.52,45.2,32.9,99.3,1,0.5733
2337,4,2026-08-08T08:00:00,391.19,21.68,232.61,12.02,149.36,40.03,32.7,94.1,1,0.5796
2338,4,2026-08-08T09:00:00,350.77,18.8,218.73,12.88,140.47,45.7,33.4,100.0,1,0.5894
2339,4,2026-08-08T10:00:00,337.39,19.46,227.27,9.94,118.12,34.56,35.3,92.4,1,0.5761
2340,4,2026-08-08T11:00:00,367.97,17.86,200.58,9.41,134.45,43.06,34.4,88.0,0,0.0
2341,4,2026-08-08T12:00:00,336.44,17.06,218.1,10.85,157.96,41.44,34.3,94.1,1,0.5761
2342,4,2026-08-08T13:00:00,329.82,19.86,165.15,10.95,136.0,44.54,32.5,93.6,0,0.0
2343,4,2026-08-08T14:00:00,339.74,17.11,185.35,8.96,136.55,43.0,35.6,80.8,0,0.0
2344,4,2026-08-08T15:00:00,317.36,14.05,150.09,9.73,117.73,40.26,30.5,75.4,0,0.0
2345,4,2026-08-08T16:00:00,282.94,15.98,155.38,9.22,126.44,39.19,31.5,80.6,0,0.0
2346,4,2026-08-08T17:00:00,297.03,15.67,149.69,7.65,106.03,35.42,30.6,72.1,0,0.0
2347,4,2026-08-08T18:00:00,306.36,14.57,138.11,7.93,123.96,36.06,29.5,74.8,0,0.0
2348,4,2026-08-08T19:00:00,270.08,13.35,132.14,7.72,115.8,38.12,30.2,73.9,0,0.0
2349,4,2026-08-08T20:00:00,271.0,14.43,127.75,8.86,103.31,28.58,29.4,68.6,0,0.0
2350,4,2026-08-08T21:00:00,249.84,14.16,111.43,7.18,113.15,33.69,27.8,71.2,0,0.0
2351,4,2026-08-08T22:00:00,307.72,14.53,136.6,8.03,116.21,34.09,28.8,74.8,0,0.0
2352,4,2026-08-08T23:00:00,269.31,13.66,129.93,7.59,120.47,37.47,29.2,62.6,0,0.0
2353,4,2026-08-09T00:00:00,312.79,16.65,164.78,9.17,100.45,43.3,29.1,76.2,1,0.561
2354,4,2026-08-09T01:00:00,288.04,16.29,118.37,7.53,129.28,33.04,28.0,77.6,1,0.5583
2355,4,2026-08-09T02:00:00,252.0,15.52,149.17,9.28,118.24,34.01,28.1,78.5,0,0.0
2356,4,2026-08-09T03:00:00,282.33,19.14,145.5,8.31,108.44,37.79,28.7,82.5,0,0.0
2357,4,2026-08-09T04:00:00,281.48,14.81,146.47,8.65,118.63,37.32,30.3,89.1,0,0.0
2358,4,2026-08-09T05:00:00,319.25,16.09,152.95,8.75,132.2,33.65,31.5,73.5,0,0.0
2359,4,2026-08-09T06:00:00,354.77,20.71,165.85,12.99,141.38,53.17,32.3,100.0,1,0.5827
2360,4,2026-08-09T07:00:00,367.77,21.24,192.8,8.82,131.73,45.27,32.2,100.0,1,0.5612
2361,4,2026-08-09T08:00:00,373.42,22.07,204.15,11.67,156.12,44.31,32.0,100.0,1,0.5716
2362,4,2026-08-09T09:00:00,388.28,18.63,211.97,10.34,146.7,53.36,34.2,95.3,1,0.5832
2363,4,2026-08-09T10:00:00,359.27,15.96,178.72,10.16,150.42,42.19,33.2,93.3,0,0.0
2364,4,2026-08-09T11:00:00,382.42,19.77,190.2,9.43,134.9,45.82,32.7,98.2,0,0.0
2365,4,2026-08-09T12:00:00,321.29,20.74,186.24,9.43,118.37,39.86,34.7,96.5,1,0.5638
2366,4,2026-08-09T13:00:00,266.69,17.2,177.25,8.35,136.58,40.27,33.8,98.7,1,0.5765
2367,4,2026-08-09T14:00:00,311.84,17.07,188.06,9.46,121.99,40.13,33.1,82.8,0,0.0
2368,4,2026-08-09T15:00:00,271.47,16.21,157.27,8.48,133.35,37.2,32.0,84.3,0,0.0
2369,4,2026-08-09T16:00:00,289.81,12.48,156.21,9.11,125.88,31.63,31.3,84.5,0,0.0
2370,4,2026-08-09T17:00:00,268.38,14.06,153.54,7.74,111.44,31.79,30.5,73.4,0,0.0
2371,4,2026-08-09T18:00:00,282.81,14.38,139.71,7.96,109.4,31.61,30.4,73.5,0,0.0
2372,4,2026-08-09T19:00:00,254.67,14.12,144.11,8.97,103.9,31.19,29.4,69.0,0,0.0
2373,4,2026-08-09T20:00:00,242.03,14.78,127.8,6.59,103.22,29.2,27.6,78.9,0,0.0
2374,4,2026-08-09T21:00:00,285.25,14.71,117.24,7.4,117.01,32.55,30.0,71.7,0,0.0
2375,4,2026-08-09T22:00:00,252.23,16.18,123.52,8.87,115.37,37.38,27.8,71.7,0,0.0
2376,4,2026-08-09T23:00:00,292.31,16.01,120.97,8.27,129.88,27.28,28.1,73.9,0,0.0
2377,4,2026-08-10T00:00:00,297.11,16.31,115.23,9.02,115.39,35.4,28.7,82.8,0,0.0
2378,4,2026-08-10T01:00:00,283.0,16.79,124.87,7.92,126.89,36.69,28.4,78.6,0,0.0
2379,4,2026-08-10T02:00:00,310.46,16.21,145.44,9.41,135.56,32.1,27.5,83.5,0,0.0
2380,4,2026-08-10T03:00:00,314.92,16.04,151.85,9.5,143.79,37.04,29.0,79.3,0,0.0
2381,4,2026-08-10T04:00:00,313.47,14.3,119.76,8.7,110.11,42.52,31.3,76.4,0,0.0
2382,4,2026-08-10T05:00:00,247.65,17.35,152.64,9.55,117.14,35.61,31.4,78.8,0,0.0
2383,4,2026-08-10T06:00:00,334.45,18.72,188.05,10.35,135.65,42.92,33.6,100.0,0,0.0
2384,4,2026-08-10T07:00:00,355.43,16.57,196.5,10.93,149.65,46.01,32.5,98.7,0,0.0
2385,4,2026-08-10T08:00:00,426.36,19.04,213.67,11.71,159.09,50.23,32.7,100.0,1,0.5678
2386,4,2026-08-10T09:00:00,374.46,19.16,217.67,11.32,133.2,50.61,34.0,93.3,1,0.5633
2387,4,2026-08-10T10:00:00,399.41,20.61,199.26,10.04,144.11,46.48,35.2,98.0,0,0.0
2388,4,2026-08-10T11:00:00,334.71,17.61,207.78,10.27,163.37,49.38,33.5,94.3,1,0.5606
2389,4,2026-08-10T12:00:00,382.61,20.47,209.18,9.43,130.95,42.44,33.4,84.8,0,0.0
2390,4,2026-08-10T13:00:00,350.49,19.44,215.18,11.35,138.78,37.28,34.3,87.2,0,0.0
2391,4,2026-08-10T14:00:00,351.5,17.36,186.72,9.72,126.11,38.53,32.5,77.3,0,0.0
2392,4,2026-08-10T15:00:00,343.59,14.19,127.05,9.33,101.86,40.23,32.3,80.1,0,0.0
2393,4,2026-08-10T16:00:00,273.63,14.29,142.59,8.71,119.26,38.3,31.6,73.3,0,0.0
2394,4,2026-08-10T17:00:00,274.64,14.52,142.06,8.33,114.05,30.77,32.4,72.7,0,0.0
2395,4,2026-08-10T18:00:00,280.71,15.19,145.66,7.95,104.7,30.13,30.3,73.9,0,0.0
2396,4,2026-08-10T19:00:00,262.13,15.78,119.82,7.67,100.39,34.28,30.0,67.5,0,0.0
2397,4,2026-08-10T20:00:00,265.28,14.8,125.26,7.77,99.4,27.55,29.2,68.8,0,0.0
2398,4,2026-08-10T21:00:00,228.56,14.68,128.01,7.84,102.3,33.7,28.8,72.4,0,0.0
2399,4,2026-08-10T22:00:00,292.2,14.36,109.63,7.85,110.25,34.72,27.9,63.0,0,0.0
2400,4,2026-08-10T23:00:00,304.74,15.91,116.78,8.54,113.9,33.43,28.1,74.7,0,0.0
2401,4,2026-08-11T00:00:00,305.89,18.87,144.6,10.17,114.77,37.95,28.0,82.8,0,0.0
2402,4,2026-08-11T01:00:00,297.26,15.47,130.65,7.73,106.24,38.2,28.0,94.1,0,0.0
2403,4,2026-08-11T02:00:00,284.65,15.31,139.4,9.72,112.64,40.48,28.8,82.8,0,0.0
2404,4,2026-08-11T03:00:00,276.14,16.77,154.55,7.92,126.74,40.54,27.9,79.6,0,0.0
2405,4,2026-08-11T04:00:00,318.66,15.27,140.99,8.7,130.93,33.73,30.6,86.8,0,0.0
2406,4,2026-08-11T05:00:00,275.69,17.65,154.15,8.78,115.53,40.48,30.8,78.1,0,0.0
2407,4,2026-08-11T06:00:00,316.47,23.04,173.29,10.0,170.51,50.81,30.8,98.0,0,0.0
2408,4,2026-08-11T07:00:00,395.12,19.61,217.2,9.71,162.32,36.0,32.3,96.9,0,0.0
2409,4,2026-08-11T08:00:00,408.39,19.23,221.55,10.28,155.92,46.67,33.5,100.0,1,0.5597
2410,4,2026-08-11T09:00:00,390.41,22.8,186.69,11.27,131.69,45.01,32.5,97.9,0,0.0
2411,4,2026-08-11T10:00:00,343.55,21.36,201.95,9.51,153.16,45.13,34.7,95.4,0,0.0
2412,4,2026-08-11T11:00:00,331.64,18.84,179.37,11.13,150.41,41.67,32.7,97.4,0,0.0
2413,4,2026-08-11T12:00:00,334.52,17.08,216.11,10.4,138.72,40.57,33.7,89.7,0,0.0
2414,4,2026-08-11T13:00:00,350.82,17.67,169.33,9.74,142.12,44.21,31.9,89.0,0,0.0
2415,4,2026-08-11T14:00:00,308.08,18.36,180.72,9.19,145.01,44.06,33.2,80.9,0,0.0
2416,4,2026-08-11T15:00:00,324.79,14.06,172.05,7.46,131.44,34.47,33.1,79.1,0,0.0
2417,4,2026-08-11T16:00:00,280.99,15.67,151.23,8.31,112.7,34.83,30.1,75.4,0,0.0
2418,4,2026-08-11T17:00:00,453.02,15.28,309.87,8.51,96.39,38.25,29.4,77.1,1,0.58
2419,4,2026-08-11T18:00:00,312.48,13.8,129.69,7.76,114.89,30.31,29.8,73.2,0,0.0
2420,4,2026-08-11T19:00:00,282.84,15.5,114.34,8.0,102.68,36.67,29.0,74.8,0,0.0
2421,4,2026-08-11T20:00:00,246.07,14.1,135.16,6.85,103.33,30.24,29.3,67.8,0,0.0
2422,4,2026-08-11T21:00:00,251.5,13.01,107.39,7.7,105.17,29.72,27.3,74.1,0,0.0
2423,4,2026-08-11T22:00:00,272.68,14.58,123.72,8.05,110.36,32.06,26.9,72.3,0,0.0
2424,4,2026-08-11T23:00:00,305.46,14.63,138.03,8.79,112.02,36.85,27.8,67.8,0,0.0
2425,4,2026-08-12T00:00:00,291.11,15.54,151.02,8.36,108.07,39.76,26.4,72.8,0,0.0
2426,4,2026-08-12T01:00:00,328.04,16.06,164.57,9.02,131.45,35.56,29.2,70.5,0,0.0
2427,4,2026-08-12T02:00:00,275.97,14.32,130.2,8.54,123.98,39.11,27.2,85.0,0,0.0
2428,4,2026-08-12T03:00:00,293.26,16.42,119.24,8.68,113.97,42.22,29.7,73.5,0,0.0
2429,4,2026-08-12T04:00:00,325.18,16.8,141.1,9.54,111.52,36.53,30.0,76.5,0,0.0
2430,4,2026-08-12T05:00:00,300.46,16.59,169.72,8.87,121.99,39.34,31.4,87.9,0,0.0
2431,4,2026-08-12T06:00:00,359.96,18.46,191.24,10.99,154.76,44.66,31.9,96.8,0,0.0
2432,4,2026-08-12T07:00:00,387.66,21.15,174.57,9.86,152.88,47.02,32.5,96.0,0,0.0
2433,4,2026-08-12T08:00:00,459.8,21.31,203.37,11.21,175.41,51.09,32.0,97.8,1,0.5778
2434,4,2026-08-12T09:00:00,329.83,19.04,232.09,10.73,155.99,41.9,32.9,98.3,1,0.5671
2435,4,2026-08-12T10:00:00,416.66,17.53,204.69,9.62,148.32,38.3,33.0,100.0,0,0.0
2436,4,2026-08-12T11:00:00,338.94,21.63,210.23,11.45,138.78,43.58,33.0,100.0,0,0.0
2437,4,2026-08-12T12:00:00,379.48,17.43,193.61,10.01,141.18,43.31,33.4,84.5,0,0.0
2438,4,2026-08-12T13:00:00,1048.93,16.72,149.59,10.54,125.74,41.09,32.7,83.0,1,0.5964
2439,4,2026-08-12T14:00:00,372.14,15.92,164.15,8.92,142.18,37.91,31.6,81.9,0,0.0
2440,4,2026-08-12T15:00:00,304.67,16.0,151.78,9.11,119.4,31.04,30.2,77.0,0,0.0
2441,4,2026-08-12T16:00:00,265.75,16.81,148.97,8.94,133.39,35.56,30.9,75.6,0,0.0
2442,4,2026-08-12T17:00:00,313.09,15.08,120.37,7.6,123.1,34.82,30.0,78.4,0,0.0
2443,4,2026-08-12T18:00:00,290.05,12.9,131.89,8.21,108.95,29.43,29.3,70.0,0,0.0
2444,4,2026-08-12T19:00:00,256.23,14.66,142.89,7.36,98.93,29.16,30.0,80.9,0,0.0
2445,4,2026-08-12T20:00:00,260.89,11.88,113.2,8.14,93.97,33.11,28.8,68.6,0,0.0
2446,4,2026-08-12T21:00:00,250.35,14.64,107.02,7.88,117.87,33.15,28.3,67.4,0,0.0
2447,4,2026-08-12T22:00:00,870.8,13.82,136.31,7.9,108.58,29.88,26.9,76.2,1,0.6188
2448,4,2026-08-12T23:00:00,277.29,14.5,141.24,7.96,127.84,30.71,27.7,71.1,0,0.0
2449,4,2026-08-13T00:00:00,333.86,16.19,145.57,8.34,116.83,36.59,26.6,64.8,0,0.0
2450,4,2026-08-13T01:00:00,974.93,15.48,154.93,8.78,128.36,39.3,26.4,69.5,1,0.6259
2451,4,2026-08-13T02:00:00,292.93,15.86,144.08,9.75,117.97,41.52,28.8,79.4,0,0.0
2452,4,2026-08-13T03:00:00,298.58,16.15,131.9,8.87,132.58,35.71,30.1,80.6,0,0.0
2453,4,2026-08-13T04:00:00,320.74,15.41,156.64,9.2,116.62,37.26,30.3,75.4,0,0.0
2454,4,2026-08-13T05:00:00,316.41,15.08,133.85,9.04,128.01,40.32,29.1,82.0,0,0.0
2455,4,2026-08-13T06:00:00,422.07,17.04,209.54,11.24,149.0,40.32,31.5,89.7,0,0.0
2456,4,2026-08-13T07:00:00,356.93,21.06,183.12,10.17,129.35,45.64,31.6,100.0,0,0.0
2457,4,2026-08-13T08:00:00,375.6,19.97,238.1,10.61,151.18,48.86,32.6,100.0,1,0.572
2458,4,2026-08-13T09:00:00,418.75,21.2,214.52,9.61,149.9,42.73,32.5,90.2,0,0.0
2459,4,2026-08-13T10:00:00,382.06,22.1,181.84,10.53,142.69,46.36,33.2,97.5,0,0.0
2460,4,2026-08-13T11:00:00,352.72,19.35,198.75,9.75,130.1,45.04,34.2,100.0,0,0.0
2461,4,2026-08-13T12:00:00,380.11,17.58,181.66,10.03,144.09,46.01,34.5,98.2,0,0.0
2462,4,2026-08-13T13:00:00,372.4,18.55,162.67,10.19,123.54,44.69,33.0,90.8,0,0.0
2463,4,2026-08-13T14:00:00,328.99,18.18,166.92,8.54,129.58,36.69,32.6,82.8,0,0.0
2464,4,2026-08-13T15:00:00,301.18,17.64,156.91,8.83,137.36,33.56,32.7,81.7,0,0.0
2465,4,2026-08-13T16:00:00,291.28,15.8,136.92,8.99,113.41,36.03,31.1,68.0,0,0.0
2466,4,2026-08-13T17:00:00,298.48,14.51,143.56,8.72,107.78,38.11,29.8,70.7,0,0.0
2467,4,2026-08-13T18:00:00,285.94,14.65,133.54,8.53,114.91,34.37,29.4,77.4,0,0.0
2468,4,2026-08-13T19:00:00,226.17,11.87,125.2,8.58,98.55,33.82,30.7,73.7,0,0.0
2469,4,2026-08-13T20:00:00,275.94,14.27,115.56,8.1,109.09,30.74,29.1,76.0,0,0.0
2470,4,2026-08-13T21:00:00,275.4,12.99,115.44,7.97,113.21,35.94,28.3,77.6,0,0.0
2471,4,2026-08-13T22:00:00,279.09,15.06,132.05,7.3,111.64,32.11,27.7,74.0,0,0.0
2472,4,2026-08-13T23:00:00,292.61,15.41,136.86,6.91,117.74,32.39,29.7,73.7,0,0.0
2473,4,2026-08-14T00:00:00,296.7,15.82,128.15,9.44,126.26,37.28,27.2,83.6,0,0.0
2474,4,2026-08-14T01:00:00,291.33,16.8,132.56,8.23,122.9,32.71,27.4,85.1,0,0.0
2475,4,2026-08-14T02:00:00,329.11,16.36,144.67,9.63,115.83,37.25,28.2,81.5,0,0.0
2476,4,2026-08-14T03:00:00,248.54,16.46,146.69,7.8,100.79,37.82,29.8,76.4,0,0.0
2477,4,2026-08-14T04:00:00,288.7,17.91,125.84,7.88,110.17,40.56,28.8,84.2,0,0.0
2478,4,2026-08-14T05:00:00,302.82,16.6,170.21,7.97,131.89,42.78,32.9,72.4,0,0.0
2479,4,2026-08-14T06:00:00,388.72,19.97,218.71,11.49,144.08,33.94,31.0,100.0,0,0.0
2480,4,2026-08-14T07:00:00,408.27,21.68,189.68,11.47,115.94,44.95,32.2,100.0,0,0.0
2481,4,2026-08-14T08:00:00,390.67,16.61,204.47,12.12,141.69,49.64,32.1,100.0,0,0.0
2482,4,2026-08-14T09:00:00,339.95,18.16,206.21,11.67,164.83,50.03,33.3,99.1,1,0.5773
2483,4,2026-08-14T10:00:00,358.63,17.76,220.39,11.39,161.0,43.0,32.9,99.6,1,0.5588
2484,4,2026-08-14T11:00:00,315.66,19.85,196.86,11.72,136.53,43.96,32.3,91.8,0,0.0
2485,4,2026-08-14T12:00:00,337.88,17.71,187.52,9.72,126.83,42.95,32.8,99.3,0,0.0
2486,4,2026-08-14T13:00:00,316.0,21.17,176.31,10.15,139.25,43.72,34.0,91.4,0,0.0
2487,4,2026-08-14T14:00:00,286.0,17.02,182.69,9.65,122.14,39.84,32.9,86.3,0,0.0
2488,4,2026-08-14T15:00:00,268.53,14.66,168.2,8.72,109.61,43.56,31.6,78.4,0,0.0
2489,4,2026-08-14T16:00:00,300.5,15.97,158.19,8.98,121.06,34.55,33.1,86.0,0,0.0
2490,4,2026-08-14T17:00:00,272.29,15.53,129.65,8.53,112.2,29.67,30.0,69.9,0,0.0
2491,4,2026-08-14T18:00:00,309.79,12.98,135.97,7.49,114.21,28.86,30.6,74.1,0,0.0
2492,4,2026-08-14T19:00:00,248.15,13.31,118.48,8.17,110.05,33.04,27.8,68.8,0,0.0
2493,4,2026-08-14T20:00:00,254.29,13.8,133.69,7.18,103.06,25.63,28.2,78.1,0,0.0
2494,4,2026-08-14T21:00:00,273.13,14.44,127.77,8.19,110.27,31.22,29.2,72.5,0,0.0
2495,4,2026-08-14T22:00:00,245.84,13.29,124.35,7.45,98.05,37.46,27.9,73.8,0,0.0
2496,4,2026-08-14T23:00:00,298.13,15.54,132.11,9.61,104.01,36.35,27.8,62.5,0,0.0
2497,4,2026-08-15T00:00:00,346.79,15.49,143.08,8.01,120.09,37.85,27.4,80.7,0,0.0
2498,4,2026-08-15T01:00:00,339.96,43.87,160.73,8.74,129.87,40.62,26.9,79.0,1,0.5826
2499,4,2026-08-15T02:00:00,269.04,18.4,127.96,10.2,132.91,39.01,27.7,85.2,0,0.0
2500,4,2026-08-15T03:00:00,271.76,16.68,136.53,9.3,146.23,39.65,30.2,75.2,0,0.0
2501,4,2026-08-15T04:00:00,317.58,14.17,147.77,8.26,139.58,36.06,29.8,83.7,0,0.0
2502,4,2026-08-15T05:00:00,311.1,16.51,155.42,8.91,93.81,41.42,30.7,85.4,0,0.0
2503,4,2026-08-15T06:00:00,366.41,18.9,187.07,11.02,150.2,44.62,31.6,96.0,0,0.0
2504,4,2026-08-15T07:00:00,378.63,22.77,188.27,9.83,142.66,47.73,31.5,99.8,0,0.0
2505,4,2026-08-15T08:00:00,441.43,47.27,229.27,10.8,153.71,47.64,33.6,100.0,1,0.6234
2506,4,2026-08-15T09:00:00,358.58,19.42,207.95,10.8,158.79,39.21,32.7,100.0,1,0.5644
2507,4,2026-08-15T10:00:00,393.8,18.25,202.77,11.09,119.98,50.07,32.9,99.7,1,0.5655
2508,4,2026-08-15T11:00:00,436.47,19.11,175.74,11.53,152.4,42.86,32.9,93.7,1,0.5634
2509,4,2026-08-15T12:00:00,360.11,19.83,204.43,10.54,134.93,37.97,33.4,81.4,0,0.0
2510,4,2026-08-15T13:00:00,346.96,17.77,188.83,9.12,141.82,37.9,33.2,82.1,0,0.0
2511,4,2026-08-15T14:00:00,321.98,17.85,168.13,10.52,144.08,35.45,32.7,81.6,0,0.0
2512,4,2026-08-15T15:00:00,288.67,17.88,149.12,9.47,120.71,39.32,31.3,80.0,0,0.0
2513,4,2026-08-15T16:00:00,302.61,15.97,139.98,7.73,109.85,34.15,32.0,73.2,0,0.0
2514,4,2026-08-15T17:00:00,312.04,15.49,155.51,9.77,99.31,31.61,29.6,75.8,0,0.0
2515,4,2026-08-15T18:00:00,297.31,14.41,145.95,8.02,111.32,35.26,30.5,73.1,0,0.0
2516,4,2026-08-15T19:00:00,267.62,15.23,139.51,9.55,98.24,37.44,30.8,68.1,0,0.0
2517,4,2026-08-15T20:00:00,303.37,14.1,121.93,7.42,128.76,34.83,28.3,69.4,0,0.0
2518,4,2026-08-15T21:00:00,266.02,14.23,136.61,7.57,96.59,35.09,27.7,70.8,0,0.0
2519,4,2026-08-15T22:00:00,306.29,14.89,133.58,7.24,112.55,34.11,28.1,74.5,0,0.0
2520,4,2026-08-15T23:00:00,285.74,19.73,124.47,8.52,126.98,32.29,27.6,72.1,0,0.0
2521,4,2026-08-16T00:00:00,304.09,15.13,125.48,8.54,123.87,37.85,27.9,78.5,0,0.0
2522,4,2026-08-16T01:00:00,316.13,17.03,150.73,7.29,118.24,37.39,28.3,74.7,0,0.0
2523,4,2026-08-16T02:00:00,336.86,14.68,157.92,9.77,124.29,40.18,29.2,85.2,0,0.0
2524,4,2026-08-16T03:00:00,251.6,15.95,154.66,9.1,119.26,37.29,27.9,79.6,0,0.0
2525,4,2026-08-16T04:00:00,326.8,15.67,148.49,10.17,128.4,39.14,31.2,82.1,0,0.0
2526,4,2026-08-16T05:00:00,261.32,17.44,173.57,7.9,120.73,34.06,30.5,82.9,0,0.0
2527,4,2026-08-16T06:00:00,330.67,16.42,198.11,11.88,136.46,45.67,31.1,100.0,1,0.5834
2528,4,2026-08-16T07:00:00,342.59,18.88,171.43,9.15,147.21,39.88,32.0,96.4,0,0.0
2529,4,2026-08-16T08:00:00,368.04,21.26,175.74,9.69,125.55,51.63,32.4,94.7,0,0.0
2530,4,2026-08-16T09:00:00,400.83,21.44,191.79,11.62,143.34,42.45,32.2,100.0,1,0.5658
2531,4,2026-08-16T10:00:00,366.57,19.6,216.47,12.47,161.36,49.62,33.3,96.6,1,0.5969
2532,4,2026-08-16T11:00:00,370.69,19.76,174.37,10.33,135.11,43.5,34.1,90.7,0,0.0
2533,4,2026-08-16T12:00:00,361.51,18.9,186.15,11.05,151.54,44.73,32.8,96.6,0,0.0
2534,4,2026-08-16T13:00:00,325.21,18.26,177.56,11.37,144.59,38.3,33.8,84.4,0,0.0
2535,4,2026-08-16T14:00:00,361.9,17.65,184.65,10.22,122.64,33.33,33.0,87.4,0,0.0
2536,4,2026-08-16T15:00:00,296.24,15.37,168.61,8.11,119.99,38.75,32.3,84.1,0,0.0
2537,4,2026-08-16T16:00:00,321.96,15.93,149.09,9.27,121.01,34.6,31.5,80.8,0,0.0
2538,4,2026-08-16T17:00:00,260.78,13.58,136.82,8.8,119.87,35.89,31.2,74.9,0,0.0
2539,4,2026-08-16T18:00:00,301.93,46.23,122.48,8.52,136.91,34.02,28.2,79.1,1,0.579
2540,4,2026-08-16T19:00:00,252.07,12.14,124.66,8.01,94.85,34.08,28.7,74.3,0,0.0
2541,4,2026-08-16T20:00:00,267.23,13.03,114.39,7.32,117.17,29.95,28.5,66.8,0,0.0
2542,4,2026-08-16T21:00:00,278.42,15.19,125.84,8.01,104.36,28.14,28.4,68.3,0,0.0
2543,4,2026-08-16T22:00:00,262.05,13.61,128.66,8.5,101.57,33.39,28.2,72.0,0,0.0
2544,4,2026-08-16T23:00:00,294.25,13.54,134.15,8.28,119.45,31.9,27.5,74.4,0,0.0
2545,4,2026-08-17T00:00:00,603.27,15.64,143.42,9.4,120.14,33.05,27.8,76.7,1,0.5984
2546,4,2026-08-17T01:00:00,336.73,16.27,140.31,8.89,136.74,34.93,28.0,75.7,0,0.0
2547,4,2026-08-17T02:00:00,314.85,15.56,133.27,7.77,120.51,36.63,27.9,75.3,0,0.0
2548,4,2026-08-17T03:00:00,303.0,16.03,162.45,8.78,121.79,37.54,28.9,75.6,0,0.0
2549,4,2026-08-17T04:00:00,287.94,14.97,156.69,9.15,114.02,37.8,29.8,71.6,0,0.0
2550,4,2026-08-17T05:00:00,327.09,16.17,146.73,9.31,137.52,31.48,30.2,72.0,0,0.0
2551,4,2026-08-17T06:00:00,408.17,20.15,189.1,10.99,135.59,50.66,30.5,96.5,0,0.0
2552,4,2026-08-17T07:00:00,401.53,20.05,178.29,9.76,153.78,41.63,31.5,96.6,0,0.0
2553,4,2026-08-17T08:00:00,340.41,17.86,227.96,11.44,156.97,47.54,33.0,100.0,1,0.5914
2554,4,2026-08-17T09:00:00,351.21,21.85,194.0,10.09,134.13,44.1,32.6,97.0,0,0.0
2555,4,2026-08-17T10:00:00,389.41,22.22,213.99,11.34,162.41,41.37,33.3,100.0,1,0.5617
2556,4,2026-08-17T11:00:00,322.08,20.6,200.89,11.49,164.81,42.17,33.2,93.6,1,0.5625
2557,4,2026-08-17T12:00:00,368.05,20.97,216.6,8.95,141.11,37.72,35.1,89.4,1,0.5598
2558,4,2026-08-17T13:00:00,307.74,16.61,197.88,10.43,122.8,42.79,33.9,85.0,0,0.0
2559,4,2026-08-17T14:00:00,389.42,17.1,164.46,9.22,116.09,40.26,33.1,79.4,0,0.0
2560,4,2026-08-17T15:00:00,316.19,16.67,181.88,7.95,126.11,38.12,31.7,73.8,0,0.0
2561,4,2026-08-17T16:00:00,298.92,16.73,149.96,7.88,121.92,36.19,32.0,74.1,0,0.0
2562,4,2026-08-17T17:00:00,277.37,14.58,144.16,8.67,119.06,34.96,30.6,70.9,0,0.0
2563,4,2026-08-17T18:00:00,267.21,14.63,144.61,7.66,100.62,30.01,30.4,70.9,0,0.0
2564,4,2026-08-17T19:00:00,261.25,14.52,125.6,7.27,104.25,31.16,28.5,77.1,0,0.0
2565,4,2026-08-17T20:00:00,315.3,15.73,129.51,7.58,91.88,33.1,27.5,67.8,0,0.0
2566,4,2026-08-17T21:00:00,229.98,13.41,120.66,6.49,105.87,36.44,27.1,67.7,0,0.0
2567,4,2026-08-17T22:00:00,244.79,15.03,126.36,8.86,108.88,34.0,27.2,73.8,0,0.0
2568,4,2026-08-17T23:00:00,297.91,17.25,132.96,8.19,119.46,26.58,26.1,77.8,0,0.0
2569,4,2026-08-18T00:00:00,259.64,17.23,133.97,8.25,115.24,31.49,26.9,75.9,0,0.0
2570,4,2026-08-18T01:00:00,313.16,16.14,135.66,8.58,128.56,35.59,28.0,78.3,0,0.0
2571,4,2026-08-18T02:00:00,333.87,15.17,161.73,8.21,122.56,33.08,27.9,71.8,0,0.0
2572,4,2026-08-18T03:00:00,251.91,15.31,137.4,9.05,131.55,37.12,28.2,74.6,0,0.0
2573,4,2026-08-18T04:00:00,319.19,15.8,156.06,9.88,133.29,37.24,28.9,82.3,0,0.0
2574,4,2026-08-18T05:00:00,300.34,16.81,189.23,9.09,141.0,35.7,32.0,76.3,0,0.0
2575,4,2026-08-18T06:00:00,364.74,24.32,195.51,9.06,159.72,46.71,31.5,100.0,0,0.0
2576,4,2026-08-18T07:00:00,351.6,17.87,157.37,10.82,145.28,39.76,31.5,99.6,0,0.0
2577,4,2026-08-18T08:00:00,716.26,19.18,191.92,12.14,144.17,38.49,32.9,100.0,1,0.5977
2578,4,2026-08-18T09:00:00,371.86,19.24,214.5,10.66,155.78,41.28,34.7,93.6,0,0.0
2579,4,2026-08-18T10:00:00,393.65,19.56,231.53,11.17,149.34,47.59,34.1,100.0,1,0.5684
2580,4,2026-08-18T11:00:00,384.1,18.6,170.28,10.27,144.27,45.75,32.6,93.2,0,0.0
2581,4,2026-08-18T12:00:00,346.47,19.06,184.84,9.96,140.46,42.01,32.3,96.4,0,0.0
2582,4,2026-08-18T13:00:00,348.52,16.98,174.45,10.78,138.63,39.87,33.7,87.1,0,0.0
2583,4,2026-08-18T14:00:00,321.29,18.8,161.26,10.15,133.92,46.15,31.9,85.9,0,0.0
2584,4,2026-08-18T15:00:00,306.04,16.53,174.34,9.8,115.97,43.05,31.1,87.3,0,0.0
2585,4,2026-08-18T16:00:00,305.93,14.32,150.37,7.95,106.42,34.48,32.7,74.8,0,0.0
2586,4,2026-08-18T17:00:00,259.6,14.71,127.0,8.12,123.92,33.2,30.1,75.4,0,0.0
2587,4,2026-08-18T18:00:00,255.89,14.17,114.09,8.73,96.64,33.65,28.2,73.6,0,0.0
2588,4,2026-08-18T19:00:00,243.0,14.81,114.53,9.25,108.65,30.43,29.7,75.4,0,0.0
2589,4,2026-08-18T20:00:00,254.29,14.62,125.11,8.18,102.24,32.26,27.5,77.3,0,0.0
2590,4,2026-08-18T21:00:00,242.58,15.47,109.79,8.35,122.63,31.72,27.9,66.2,0,0.0
2591,4,2026-08-18T22:00:00,282.54,13.94,124.91,8.58,98.06,34.39,28.6,80.9,0,0.0
2592,4,2026-08-18T23:00:00,280.16,14.21,123.99,8.51,115.68,34.29,27.4,69.1,0,0.0
2593,4,2026-08-19T00:00:00,291.04,15.55,146.35,9.09,121.35,34.25,26.3,89.2,0,0.0
2594,4,2026-08-19T01:00:00,318.91,16.17,138.22,10.07,115.41,39.94,27.2,76.9,0,0.0
2595,4,2026-08-19T02:00:00,293.2,15.09,145.37,7.96,122.27,40.56,27.3,72.8,0,0.0
2596,4,2026-08-19T03:00:00,290.69,17.75,173.74,7.97,136.51,35.18,30.1,80.0,0,0.0
2597,4,2026-08-19T04:00:00,332.49,15.55,156.96,8.58,122.25,35.65,30.4,80.7,0,0.0
2598,4,2026-08-19T05:00:00,324.23,14.68,155.03,9.25,116.49,42.61,31.6,71.7,0,0.0
2599,4,2026-08-19T06:00:00,407.89,20.1,177.93,9.9,129.25,48.26,30.4,90.4,0,0.0
2600,4,2026-08-19T07:00:00,337.72,21.65,189.94,10.45,137.67,40.0,33.3,100.0,0,0.0
2601,4,2026-08-19T08:00:00,399.24,22.19,176.63,10.12,134.84,48.17,31.7,100.0,0,0.0
2602,4,2026-08-19T09:00:00,382.27,20.75,227.57,12.33,149.92,43.23,34.0,92.8,0,0.0
2603,4,2026-08-19T10:00:00,411.37,17.84,205.99,10.63,157.16,45.25,32.3,94.3,0,0.0
2604,4,2026-08-19T11:00:00,393.37,51.41,191.21,9.62,145.48,47.07,33.2,99.4,1,0.5738
2605,4,2026-08-19T12:00:00,385.07,37.24,199.77,9.94,123.74,42.81,34.8,93.0,1,0.0
2606,4,2026-08-19T13:00:00,357.88,16.75,163.11,8.46,147.41,45.68,32.0,80.4,0,0.0
2607,4,2026-08-19T14:00:00,344.67,15.87,169.17,8.66,140.23,42.27,32.6,89.1,0,0.0
2608,4,2026-08-19T15:00:00,310.14,16.18,158.85,10.44,113.12,33.41,31.4,73.8,0,0.0
2609,4,2026-08-19T16:00:00,278.76,15.45,151.06,8.32,128.81,38.34,30.8,83.1,0,0.0
2610,4,2026-08-19T17:00:00,288.59,17.36,131.84,8.94,111.43,40.89,29.9,65.7,0,0.0
2611,4,2026-08-19T18:00:00,525.9,12.72,134.42,7.02,108.22,35.74,29.1,72.7,1,0.5616
2612,4,2026-08-19T19:00:00,589.97,13.19,124.36,7.83,107.86,33.79,28.4,65.3,1,0.5873
2613,4,2026-08-19T20:00:00,237.94,16.38,117.58,7.31,108.17,35.37,27.4,60.9,0,0.0
2614,4,2026-08-19T21:00:00,290.9,13.89,121.05,7.85,109.62,33.26,26.7,70.9,0,0.0
2615,4,2026-08-19T22:00:00,247.29,14.46,118.59,8.03,130.25,35.1,27.8,67.1,0,0.0
2616,4,2026-08-19T23:00:00,290.39,15.94,130.16,9.19,111.61,36.94,28.2,69.8,0,0.0
2617,4,2026-08-20T00:00:00,337.32,14.25,139.89,10.38,117.86,35.7,27.8,81.1,0,0.0
2618,4,2026-08-20T01:00:00,279.86,15.35,128.62,8.14,123.59,39.52,27.7,85.4,0,0.0
2619,4,2026-08-20T02:00:00,301.19,16.51,137.44,8.2,107.06,36.67,27.4,85.5,0,0.0
2620,4,2026-08-20T03:00:00,304.53,16.0,163.87,9.39,124.25,34.64,29.4,85.1,0,0.0
2621,4,2026-08-20T04:00:00,345.11,15.26,154.73,8.23,133.59,35.01,29.8,77.2,0,0.0
2622,4,2026-08-20T05:00:00,327.87,16.44,152.54,8.41,115.35,41.59,30.9,79.9,0,0.0
2623,4,2026-08-20T06:00:00,378.02,20.01,172.7,11.34,125.23,40.97,30.9,97.7,0,0.0
2624,4,2026-08-20T07:00:00,366.63,19.15,201.44,10.38,162.76,40.42,32.0,98.3,0,0.0
2625,4,2026-08-20T08:00:00,390.17,23.09,219.21,9.94,166.59,47.02,32.1,100.0,1,0.5664
2626,4,2026-08-20T09:00:00,392.71,18.9,196.49,10.82,148.73,44.8,32.0,97.8,0,0.0
2627,4,2026-08-20T10:00:00,405.97,17.38,172.63,10.4,140.49,45.21,31.9,98.0,0,0.0
2628,4,2026-08-20T11:00:00,400.49,21.03,188.74,10.36,138.1,41.97,32.9,96.0,0,0.0
2629,4,2026-08-20T12:00:00,385.81,20.25,181.85,11.16,146.05,46.61,32.6,91.0,0,0.0
2630,4,2026-08-20T13:00:00,393.77,17.1,187.86,9.54,135.86,43.95,32.1,87.3,0,0.0
2631,4,2026-08-20T14:00:00,326.68,16.28,171.43,9.23,149.07,41.06,31.3,81.6,0,0.0
2632,4,2026-08-20T15:00:00,325.0,16.16,190.78,10.21,120.54,39.29,32.5,77.7,0,0.0
2633,4,2026-08-20T16:00:00,304.64,18.23,152.4,9.58,127.43,30.11,32.2,73.6,0,0.0
2634,4,2026-08-20T17:00:00,303.14,15.49,136.08,8.3,116.85,37.39,29.7,80.1,0,0.0
2635,4,2026-08-20T18:00:00,298.73,14.61,113.21,7.87,116.3,26.83,30.1,66.3,0,0.0
2636,4,2026-08-20T19:00:00,285.79,13.17,126.31,7.75,112.38,32.75,27.8,73.0,0,0.0
2637,4,2026-08-20T20:00:00,258.19,13.83,143.23,7.83,105.31,33.52,27.4,72.9,0,0.0
2638,4,2026-08-20T21:00:00,286.63,13.62,130.22,8.5,99.9,27.92,28.0,72.2,0,0.0
2639,4,2026-08-20T22:00:00,220.97,12.46,113.66,9.09,103.65,33.3,25.6,67.8,0,0.0
2640,4,2026-08-20T23:00:00,263.53,14.89,117.39,8.8,110.19,29.9,29.1,81.8,0,0.0
2641,4,2026-08-21T00:00:00,281.64,16.41,143.95,8.62,119.87,34.52,27.4,83.6,0,0.0
2642,4,2026-08-21T01:00:00,294.87,18.01,123.27,9.94,126.72,36.58,26.6,83.3,0,0.0
2643,4,2026-08-21T02:00:00,342.29,15.61,146.29,8.56,111.75,38.44,27.6,84.4,0,0.0
2644,4,2026-08-21T03:00:00,304.89,18.1,133.88,9.38,132.53,38.05,27.8,74.8,0,0.0
2645,4,2026-08-21T04:00:00,303.64,14.16,137.25,8.47,123.64,37.34,29.3,73.2,0,0.0
2646,4,2026-08-21T05:00:00,348.82,16.73,151.19,10.71,109.71,34.9,30.4,85.3,0,0.0
2647,4,2026-08-21T06:00:00,412.11,19.58,179.5,11.05,151.98,46.37,30.1,100.0,0,0.0
2648,4,2026-08-21T07:00:00,400.87,45.59,174.78,11.13,168.95,46.02,30.4,93.0,1,0.5772
2649,4,2026-08-21T08:00:00,429.27,22.8,213.85,10.03,149.36,43.08,32.5,100.0,1,0.5592
2650,4,2026-08-21T09:00:00,357.38,19.36,208.81,11.13,140.74,42.41,32.5,100.0,0,0.0
2651,4,2026-08-21T10:00:00,333.07,19.42,185.51,11.83,154.07,45.72,32.6,100.0,0,0.0
2652,4,2026-08-21T11:00:00,388.47,16.51,211.41,9.25,136.65,44.0,34.8,88.6,0,0.0
2653,4,2026-08-21T12:00:00,329.61,19.21,186.4,8.43,146.95,42.05,33.4,93.5,0,0.0
2654,4,2026-08-21T13:00:00,337.11,19.0,203.9,8.82,141.94,37.68,33.2,79.2,0,0.0
2655,4,2026-08-21T14:00:00,300.73,16.69,155.63,9.22,116.28,37.82,32.5,80.9,0,0.0
2656,4,2026-08-21T15:00:00,316.69,14.5,154.81,9.01,106.13,39.21,31.5,82.9,0,0.0
2657,4,2026-08-21T16:00:00,309.4,17.24,144.47,9.73,112.31,33.99,31.7,70.3,0,0.0
2658,4,2026-08-21T17:00:00,271.86,15.13,136.75,8.1,106.52,34.22,30.9,76.6,0,0.0
2659,4,2026-08-21T18:00:00,238.39,15.26,139.0,7.38,97.05,34.22,30.2,69.8,0,0.0
2660,4,2026-08-21T19:00:00,288.0,13.89,110.28,8.1,97.05,33.02,27.2,65.2,0,0.0
2661,4,2026-08-21T20:00:00,289.94,13.28,116.22,7.91,99.2,37.13,28.6,71.2,0,0.0
2662,4,2026-08-21T21:00:00,254.48,14.47,112.42,8.04,114.4,31.46,28.5,62.7,0,0.0
2663,4,2026-08-21T22:00:00,249.07,13.18,133.61,8.6,107.89,32.58,27.7,70.0,0,0.0
2664,4,2026-08-21T23:00:00,316.57,14.17,129.51,9.31,122.82,37.36,27.8,75.8,0,0.0
2665,4,2026-08-22T00:00:00,295.44,15.4,140.33,9.12,115.95,36.53,27.4,81.5,0,0.0
2666,4,2026-08-22T01:00:00,276.12,16.9,137.44,9.33,127.8,34.82,27.0,83.5,0,0.0
2667,4,2026-08-22T02:00:00,334.6,14.2,131.73,9.62,121.47,37.23,28.4,82.0,0,0.0
2668,4,2026-08-22T03:00:00,290.79,18.25,127.31,9.18,124.31,40.19,28.9,75.0,0,0.0
2669,4,2026-08-22T04:00:00,275.71,16.14,130.04,8.91,122.96,39.15,30.0,85.3,0,0.0
2670,4,2026-08-22T05:00:00,285.94,16.39,141.14,9.58,119.71,31.25,31.9,82.9,0,0.0
2671,4,2026-08-22T06:00:00,369.05,17.79,158.76,9.84,147.31,45.97,29.3,95.4,0,0.0
2672,4,2026-08-22T07:00:00,400.12,20.74,222.82,10.04,134.15,41.9,32.4,100.0,1,0.5702
2673,4,2026-08-22T08:00:00,351.63,20.47,192.78,10.07,142.56,49.57,32.3,93.4,0,0.0
2674,4,2026-08-22T09:00:00,367.58,20.81,215.69,11.19,172.11,46.62,32.9,100.0,1,0.5841
2675,4,2026-08-22T10:00:00,333.37,19.83,177.21,10.37,157.0,49.86,32.2,95.4,0,0.0
2676,4,2026-08-22T11:00:00,351.2,19.77,177.05,11.36,161.4,44.42,33.4,95.8,1,0.5594
2677,4,2026-08-22T12:00:00,302.85,20.19,184.33,9.35,131.5,37.23,33.2,90.7,0,0.0
2678,4,2026-08-22T13:00:00,366.08,15.93,209.65,10.23,142.81,39.7,32.7,89.5,0,0.0
2679,4,2026-08-22T14:00:00,306.79,16.77,171.74,9.61,123.35,41.39,32.7,85.1,0,0.0
2680,4,2026-08-22T15:00:00,295.7,14.25,166.96,10.01,122.38,41.73,31.3,85.0,0,0.0
2681,4,2026-08-22T16:00:00,302.33,15.59,135.53,8.9,129.48,33.74,30.5,70.7,0,0.0
2682,4,2026-08-22T17:00:00,254.44,15.18,132.76,7.3,102.52,33.15,29.3,67.4,0,0.0
2683,4,2026-08-22T18:00:00,279.71,13.9,124.55,8.13,108.18,35.98,28.8,73.8,0,0.0
2684,4,2026-08-22T19:00:00,268.53,14.39,106.54,7.29,119.49,28.97,29.0,69.1,0,0.0
2685,4,2026-08-22T20:00:00,275.06,28.93,110.19,8.46,114.72,33.97,28.4,71.9,1,0.0
2686,4,2026-08-22T21:00:00,288.28,15.89,126.66,8.24,98.76,30.13,27.4,67.3,0,0.0
2687,4,2026-08-22T22:00:00,273.79,13.04,121.17,7.63,109.8,31.86,26.6,73.4,0,0.0
2688,4,2026-08-22T23:00:00,296.2,12.51,134.06,8.68,122.87,32.43,26.1,75.7,0,0.0
2689,4,2026-08-23T00:00:00,307.65,14.83,147.98,9.31,128.23,34.7,27.9,95.3,0,0.0
2690,4,2026-08-23T01:00:00,315.52,17.22,153.45,8.28,119.31,39.04,27.6,81.8,0,0.0
2691,4,2026-08-23T02:00:00,319.08,17.85,138.95,9.27,117.34,39.73,27.3,82.4,0,0.0
2692,4,2026-08-23T03:00:00,267.69,16.88,135.44,8.2,119.63,29.58,28.7,71.0,0,0.0
2693,4,2026-08-23T04:00:00,287.48,17.11,143.16,8.96,121.59,33.11,29.2,78.4,0,0.0
2694,4,2026-08-23T05:00:00,275.02,15.09,143.05,9.67,122.9,40.42,28.6,81.1,0,0.0
2695,4,2026-08-23T06:00:00,375.82,17.37,170.59,11.14,160.13,43.06,29.7,96.5,1,0.5644
2696,4,2026-08-23T07:00:00,362.46,18.46,210.34,10.81,142.63,48.83,32.8,100.0,1,0.5715
2697,4,2026-08-23T08:00:00,390.93,18.07,224.78,11.45,145.7,49.51,32.2,100.0,1,0.5881
2698,4,2026-08-23T09:00:00,390.81,19.5,200.19,10.92,138.41,36.25,32.9,92.0,0,0.0
2699,4,2026-08-23T10:00:00,378.14,17.79,190.26,11.59,132.96,44.32,32.7,90.8,0,0.0
2700,4,2026-08-23T11:00:00,334.57,19.44,182.64,9.74,151.78,45.11,33.5,93.9,0,0.0
2701,4,2026-08-23T12:00:00,367.51,20.4,203.85,7.84,129.23,38.57,33.4,90.5,1,0.5667
2702,4,2026-08-23T13:00:00,376.13,16.18,173.01,10.15,124.0,45.83,34.1,86.8,0,0.0
2703,4,2026-08-23T14:00:00,333.71,14.82,168.1,9.67,105.26,37.15,31.6,88.5,0,0.0
2704,4,2026-08-23T15:00:00,271.15,15.65,175.32,9.5,117.94,40.36,32.1,78.1,0,0.0
2705,4,2026-08-23T16:00:00,318.32,13.42,165.97,7.67,106.06,38.96,32.1,79.5,0,0.0
2706,4,2026-08-23T17:00:00,271.42,14.88,149.18,9.36,103.55,32.45,31.2,74.5,0,0.0
2707,4,2026-08-23T18:00:00,261.36,14.68,133.15,7.0,105.54,33.68,29.0,70.3,0,0.0
2708,4,2026-08-23T19:00:00,250.73,15.52,138.8,8.03,102.86,35.2,27.8,72.5,0,0.0
2709,4,2026-08-23T20:00:00,283.11,15.7,112.46,7.64,108.46,36.13,28.3,64.7,0,0.0
2710,4,2026-08-23T21:00:00,296.73,14.21,120.84,7.44,100.29,32.05,27.5,63.7,0,0.0
2711,4,2026-08-23T22:00:00,313.29,13.99,127.27,7.73,110.66,29.61,28.1,67.2,0,0.0
2712,4,2026-08-23T23:00:00,324.54,14.59,125.24,6.34,119.65,31.36,26.3,74.6,1,0.5773
2713,4,2026-08-24T00:00:00,355.38,16.2,153.92,8.74,119.37,35.82,27.8,75.3,0,0.0
2714,4,2026-08-24T01:00:00,295.79,15.62,144.75,7.79,113.58,39.23,26.8,82.8,0,0.0
2715,4,2026-08-24T02:00:00,735.66,17.11,138.49,8.01,110.02,32.92,28.0,90.7,1,0.6192
2716,4,2026-08-24T03:00:00,319.52,16.78,140.04,7.95,126.77,36.31,27.4,73.6,0,0.0
2717,4,2026-08-24T04:00:00,270.84,15.18,153.65,9.31,122.64,33.9,29.2,73.1,0,0.0
2718,4,2026-08-24T05:00:00,317.56,15.42,157.07,8.46,117.01,36.16,30.6,80.5,0,0.0
2719,4,2026-08-24T06:00:00,358.21,18.65,174.19,8.53,146.91,46.56,30.6,100.0,0,0.0
2720,4,2026-08-24T07:00:00,429.9,17.44,191.38,9.95,156.26,46.25,32.2,97.8,0,0.0
2721,4,2026-08-24T08:00:00,359.75,20.31,184.61,11.31,177.53,51.27,31.8,100.0,1,0.5658
2722,4,2026-08-24T09:00:00,395.83,23.73,170.43,10.39,170.91,51.29,32.4,100.0,1,0.5728
2723,4,2026-08-24T10:00:00,429.05,20.89,195.97,10.08,133.22,46.75,32.9,97.0,0,0.0
2724,4,2026-08-24T11:00:00,332.81,19.26,171.1,12.7,166.24,43.32,32.9,99.8,0,0.0
2725,4,2026-08-24T12:00:00,382.96,18.81,193.62,10.39,150.02,40.67,32.2,89.3,0,0.0
2726,4,2026-08-24T13:00:00,348.42,20.32,208.16,10.37,144.34,37.87,32.4,80.8,0,0.0
2727,4,2026-08-24T14:00:00,338.92,15.17,170.33,9.88,129.14,41.1,33.1,91.3,0,0.0
2728,4,2026-08-24T15:00:00,333.34,16.21,143.07,9.36,136.65,37.93,31.9,74.7,0,0.0
2729,4,2026-08-24T16:00:00,323.6,14.4,147.36,9.82,109.48,35.76,30.8,70.7,0,0.0
2730,4,2026-08-24T17:00:00,285.9,12.94,144.1,7.86,102.9,33.49,31.0,79.1,0,0.0
2731,4,2026-08-24T18:00:00,250.38,15.72,120.84,8.15,106.19,27.95,28.7,64.5,0,0.0
2732,4,2026-08-24T19:00:00,292.17,14.71,134.06,7.55,96.31,32.08,28.4,64.6,0,0.0
2733,4,2026-08-24T20:00:00,246.1,16.41,116.4,8.67,115.49,35.28,27.9,67.8,0,0.0
2734,4,2026-08-24T21:00:00,287.44,13.59,121.45,7.64,110.49,32.63,26.9,64.1,0,0.0
2735,4,2026-08-24T22:00:00,258.45,14.28,117.65,8.28,119.42,32.89,27.8,71.5,0,0.0
2736,4,2026-08-24T23:00:00,265.4,16.44,135.26,8.05,116.16,35.87,25.6,69.6,0,0.0
2737,4,2026-08-25T00:00:00,320.59,16.4,129.81,8.66,134.26,34.8,26.7,77.9,0,0.0
2738,4,2026-08-25T01:00:00,285.46,14.17,135.41,9.37,119.82,35.03,25.4,74.8,0,0.0
2739,4,2026-08-25T02:00:00,314.77,16.33,126.18,8.43,117.72,35.02,26.9,70.6,0,0.0
2740,4,2026-08-25T03:00:00,310.76,17.38,142.91,8.65,120.89,37.39,29.9,80.6,0,0.0
2741,4,2026-08-25T04:00:00,260.54,15.8,160.72,8.46,125.86,32.49,29.2,85.9,0,0.0
2742,4,2026-08-25T05:00:00,323.16,35.13,133.19,9.55,98.28,35.67,28.7,75.5,1,0.0
2743,4,2026-08-25T06:00:00,353.96,19.14,175.56,11.35,164.93,42.61,29.5,93.9,0,0.0
2744,4,2026-08-25T07:00:00,377.43,18.66,204.06,10.6,165.9,46.5,31.2,94.5,0,0.0
2745,4,2026-08-25T08:00:00,328.13,17.63,192.98,11.22,161.16,45.79,31.6,100.0,0,0.0
2746,4,2026-08-25T09:00:00,373.68,21.41,189.33,10.82,144.81,45.47,32.2,100.0,0,0.0
2747,4,2026-08-25T10:00:00,379.72,15.38,213.76,9.95,179.51,43.08,33.0,99.3,0,0.0
2748,4,2026-08-25T11:00:00,401.71,17.97,193.56,9.37,145.91,41.21,31.8,90.4,0,0.0
2749,4,2026-08-25T12:00:00,322.79,19.73,202.65,10.43,135.97,49.02,32.8,93.6,0,0.0
2750,4,2026-08-25T13:00:00,339.25,17.42,163.5,10.16,131.46,42.53,32.8,82.1,0,0.0
2751,4,2026-08-25T14:00:00,323.21,15.43,177.64,9.02,140.17,35.41,32.7,86.5,0,0.0
2752,4,2026-08-25T15:00:00,300.46,15.5,154.25,9.28,138.71,37.86,31.4,85.3,0,0.0
2753,4,2026-08-25T16:00:00,327.03,13.53,129.59,8.47,117.54,36.04,30.4,83.7,0,0.0
2754,4,2026-08-25T17:00:00,271.21,15.21,125.29,8.44,95.88,36.66,29.7,71.2,0,0.0
2755,4,2026-08-25T18:00:00,284.7,14.69,127.23,8.51,100.47,30.6,29.2,62.6,0,0.0
2756,4,2026-08-25T19:00:00,301.13,12.48,119.49,7.92,93.02,35.48,26.9,67.0,0,0.0
2757,4,2026-08-25T20:00:00,250.62,14.91,121.06,7.11,105.41,32.34,28.0,74.1,0,0.0
2758,4,2026-08-25T21:00:00,267.65,14.32,126.65,7.21,100.83,32.72,26.5,69.5,0,0.0
2759,4,2026-08-25T22:00:00,257.42,14.77,113.34,8.27,126.99,38.39,27.0,73.4,0,0.0
2760,4,2026-08-25T23:00:00,292.75,15.43,120.82,8.33,119.79,32.38,26.2,75.0,0,0.0
2761,4,2026-08-26T00:00:00,295.61,16.72,140.59,7.82,139.78,36.42,26.9,71.1,0,0.0
2762,4,2026-08-26T01:00:00,320.41,16.95,137.25,9.38,120.99,42.06,26.7,79.1,0,0.0
2763,4,2026-08-26T02:00:00,282.94,15.49,160.02,8.35,125.0,29.61,27.2,87.6,0,0.0
2764,4,2026-08-26T03:00:00,264.3,16.31,164.26,8.95,121.45,41.61,27.1,80.0,0,0.0
2765,4,2026-08-26T04:00:00,320.92,17.02,131.68,8.2,115.03,40.76,30.2,83.6,0,0.0
2766,4,2026-08-26T05:00:00,285.83,16.31,160.41,6.86,125.45,39.43,29.0,76.1,0,0.0
2767,4,2026-08-26T06:00:00,339.9,17.84,180.17,10.98,147.28,43.66,30.6,99.0,0,0.0
2768,4,2026-08-26T07:00:00,343.89,20.4,181.87,10.32,135.67,41.47,30.6,100.0,0,0.0
2769,4,2026-08-26T08:00:00,350.71,20.61,198.31,10.85,147.47,37.63,32.1,100.0,0,0.0
2770,4,2026-08-26T09:00:00,375.19,17.57,222.51,11.52,145.64,48.07,32.3,99.6,0,0.0
2771,4,2026-08-26T10:00:00,338.9,17.58,205.49,10.19,158.41,42.37,32.4,94.3,0,0.0
2772,4,2026-08-26T11:00:00,357.77,18.83,226.17,11.22,134.26,42.9,33.1,99.6,0,0.0
2773,4,2026-08-26T12:00:00,337.11,17.15,204.57,10.66,140.0,42.35,33.1,96.7,0,0.0
2774,4,2026-08-26T13:00:00,351.15,18.09,169.0,9.38,158.03,42.27,32.3,86.7,0,0.0
2775,4,2026-08-26T14:00:00,278.52,18.49,168.77,10.05,149.2,36.93,31.7,77.4,0,0.0
2776,4,2026-08-26T15:00:00,320.05,19.51,143.26,8.93,130.76,38.35,30.7,80.1,0,0.0
2777,4,2026-08-26T16:00:00,291.74,15.06,139.32,8.91,127.02,33.47,30.5,85.8,0,0.0
2778,4,2026-08-26T17:00:00,327.76,15.4,132.38,7.57,115.33,31.9,28.7,73.0,0,0.0
2779,4,2026-08-26T18:00:00,245.89,13.06,125.45,7.67,121.2,34.57,30.1,73.4,0,0.0
2780,4,2026-08-26T19:00:00,267.18,14.01,139.82,6.65,111.27,28.2,30.5,72.6,0,0.0
2781,4,2026-08-26T20:00:00,289.77,13.44,125.74,7.95,85.67,36.75,28.1,75.7,0,0.0
2782,4,2026-08-26T21:00:00,233.3,15.21,124.0,7.7,106.74,32.2,27.3,78.3,0,0.0
2783,4,2026-08-26T22:00:00,272.12,15.34,133.91,8.44,102.77,37.1,27.4,60.4,0,0.0
2784,4,2026-08-26T23:00:00,247.17,16.12,130.17,8.32,109.05,34.64,27.7,76.4,0,0.0
2785,4,2026-08-27T00:00:00,324.31,15.06,136.83,9.43,115.77,41.03,27.9,70.0,0,0.0
2786,4,2026-08-27T01:00:00,310.19,16.2,136.25,8.89,117.71,35.33,27.0,69.7,0,0.0
2787,4,2026-08-27T02:00:00,269.96,14.88,129.78,8.41,122.57,32.11,26.4,85.3,0,0.0
2788,4,2026-08-27T03:00:00,320.73,13.94,146.08,8.75,124.9,38.39,27.0,86.1,0,0.0
2789,4,2026-08-27T04:00:00,348.6,16.37,139.44,8.43,129.43,40.35,30.1,83.4,0,0.0
2790,4,2026-08-27T05:00:00,292.72,17.23,160.36,9.46,111.31,36.32,29.7,77.9,0,0.0
2791,4,2026-08-27T06:00:00,390.39,21.31,187.46,9.77,160.8,49.02,31.8,100.0,0,0.0
2792,4,2026-08-27T07:00:00,387.49,21.36,197.63,10.72,170.31,42.54,30.9,100.0,0,0.0
2793,4,2026-08-27T08:00:00,426.59,21.56,187.4,10.64,161.07,43.08,32.5,95.7,0,0.0
2794,4,2026-08-27T09:00:00,332.86,22.09,223.03,11.02,165.14,40.01,32.7,90.8,1,0.5687
2795,4,2026-08-27T10:00:00,346.56,18.72,178.1,10.48,146.93,54.06,32.0,100.0,0,0.0
2796,4,2026-08-27T11:00:00,308.87,21.12,178.96,11.35,159.83,36.17,31.8,91.5,0,0.0
2797,4,2026-08-27T12:00:00,372.09,19.12,199.88,11.37,156.85,34.81,33.1,91.7,0,0.0
2798,4,2026-08-27T13:00:00,304.73,17.92,161.97,9.08,145.62,40.7,31.5,90.1,0,0.0
2799,4,2026-08-27T14:00:00,275.85,18.47,158.61,9.7,125.53,33.71,32.2,87.7,0,0.0
2800,4,2026-08-27T15:00:00,276.71,14.89,153.71,8.77,132.92,41.21,30.8,80.0,0,0.0
2801,4,2026-08-27T16:00:00,315.07,16.62,145.1,8.82,107.66,32.5,30.1,84.7,0,0.0
2802,4,2026-08-27T17:00:00,311.14,14.13,147.49,7.87,119.18,32.26,29.9,64.0,0,0.0
2803,4,2026-08-27T18:00:00,246.73,14.7,104.02,8.95,105.49,37.71,27.8,67.8,0,0.0
2804,4,2026-08-27T19:00:00,269.27,15.82,122.53,7.35,92.87,29.0,28.6,71.3,0,0.0
2805,4,2026-08-27T20:00:00,246.03,14.2,120.0,6.85,106.75,30.12,27.2,77.4,0,0.0
2806,4,2026-08-27T21:00:00,226.0,12.67,125.42,6.75,105.79,35.64,26.9,68.5,0,0.0
2807,4,2026-08-27T22:00:00,300.91,11.53,122.05,9.07,106.85,33.42,26.4,77.4,0,0.0
2808,4,2026-08-27T23:00:00,271.46,15.27,137.27,8.01,113.75,30.16,25.7,71.2,0,0.0
2809,4,2026-08-28T00:00:00,332.03,15.9,139.79,8.29,109.89,38.23,27.7,74.4,0,0.0
2810,4,2026-08-28T01:00:00,258.23,15.22,134.46,8.43,128.81,34.56,27.2,73.7,0,0.0
2811,4,2026-08-28T02:00:00,261.73,14.74,151.26,8.18,134.96,38.39,26.7,82.3,0,0.0
2812,4,2026-08-28T03:00:00,320.68,15.76,127.81,8.76,113.62,39.68,28.2,78.1,0,0.0
2813,4,2026-08-28T04:00:00,284.78,17.45,137.56,8.34,116.08,34.49,29.8,80.5,0,0.0
2814,4,2026-08-28T05:00:00,325.18,16.67,142.61,9.05,117.53,39.2,29.5,78.3,0,0.0
2815,4,2026-08-28T06:00:00,415.78,17.87,155.91,9.37,144.68,41.2,29.6,96.7,0,0.0
2816,4,2026-08-28T07:00:00,455.96,22.09,162.79,9.19,132.18,49.25,30.8,97.2,1,0.5758
2817,4,2026-08-28T08:00:00,393.79,20.05,211.63,11.82,142.63,46.82,31.6,100.0,0,0.0
2818,4,2026-08-28T09:00:00,398.92,18.47,198.99,10.02,163.82,41.16,31.8,100.0,0,0.0
2819,4,2026-08-28T10:00:00,419.93,21.09,236.85,11.44,140.58,47.85,32.7,100.0,1,0.5629
2820,4,2026-08-28T11:00:00,949.84,19.46,191.69,9.77,128.92,45.31,32.2,99.2,1,0.6107
2821,4,2026-08-28T12:00:00,301.76,18.69,190.11,9.08,129.14,47.12,32.6,94.6,0,0.0
2822,4,2026-08-28T13:00:00,308.99,15.09,202.85,9.38,155.32,39.99,32.3,97.7,0,0.0
2823,4,2026-08-28T14:00:00,588.93,19.22,413.11,8.78,132.5,34.54,32.0,92.3,1,0.5987
2824,4,2026-08-28T15:00:00,296.67,16.32,155.0,9.66,130.66,39.0,31.1,85.2,0,0.0
2825,4,2026-08-28T16:00:00,277.78,16.6,161.34,7.99,105.81,34.76,29.8,77.5,0,0.0
2826,4,2026-08-28T17:00:00,296.03,14.63,139.78,7.74,109.22,32.66,29.4,67.1,0,0.0
2827,4,2026-08-28T18:00:00,255.34,13.37,118.09,7.24,112.18,40.33,29.2,75.7,0,0.0
2828,4,2026-08-28T19:00:00,231.99,12.77,124.87,6.57,99.75,27.61,29.6,67.0,0,0.0
2829,4,2026-08-28T20:00:00,245.24,14.6,115.75,7.62,109.33,31.82,27.1,81.9,0,0.0
2830,4,2026-08-28T21:00:00,285.67,14.62,118.25,8.36,96.09,34.85,26.4,62.3,0,0.0
2831,4,2026-08-28T22:00:00,265.7,15.21,111.32,7.61,117.85,30.65,26.9,73.3,0,0.0
2832,4,2026-08-28T23:00:00,295.0,14.44,121.74,9.29,108.76,34.56,27.6,76.6,0,0.0
2833,4,2026-08-29T00:00:00,287.27,15.8,137.88,7.61,107.7,35.06,27.6,75.1,0,0.0
2834,4,2026-08-29T01:00:00,313.56,16.14,126.95,10.16,112.45,35.47,26.2,86.5,0,0.0
2835,4,2026-08-29T02:00:00,273.3,16.6,125.97,10.7,111.62,34.14,26.7,80.2,0,0.0
2836,4,2026-08-29T03:00:00,320.7,17.75,133.69,7.49,120.29,39.52,27.2,76.5,0,0.0
2837,4,2026-08-29T04:00:00,291.68,15.2,153.92,9.11,112.53,41.15,30.0,79.7,0,0.0
2838,4,2026-08-29T05:00:00,341.85,14.24,130.1,9.13,122.99,36.45,31.1,87.4,0,0.0
2839,4,2026-08-29T06:00:00,332.65,18.98,177.19,10.83,161.48,41.42,30.8,98.0,0,0.0
2840,4,2026-08-29T07:00:00,394.88,21.01,193.18,9.94,163.58,48.28,31.7,96.1,1,0.5674
2841,4,2026-08-29T08:00:00,423.83,19.69,210.97,10.16,163.03,52.32,32.0,100.0,1,0.5857
2842,4,2026-08-29T09:00:00,324.97,18.59,177.34,11.05,156.93,40.43,32.2,99.4,0,0.0
2843,4,2026-08-29T10:00:00,382.32,19.03,161.52,10.41,144.81,45.84,32.1,100.0,0,0.0
2844,4,2026-08-29T11:00:00,409.5,20.75,184.57,9.82,141.26,43.91,32.9,100.0,1,0.5627
2845,4,2026-08-29T12:00:00,350.94,17.0,190.51,12.44,134.28,44.85,33.3,83.9,0,0.0
2846,4,2026-08-29T13:00:00,360.15,17.72,173.33,8.78,148.16,42.49,32.2,100.0,0,0.0
2847,4,2026-08-29T14:00:00,354.58,30.31,152.9,9.47,131.35,41.65,30.7,87.2,1,0.0
2848,4,2026-08-29T15:00:00,274.1,15.4,172.06,9.08,110.54,34.23,31.8,78.5,0,0.0
2849,4,2026-08-29T16:00:00,307.58,16.66,133.47,9.48,106.03,39.58,29.4,83.2,0,0.0
2850,4,2026-08-29T17:00:00,264.09,15.43,132.28,6.71,104.93,34.22,28.4,92.2,0,0.0
2851,4,2026-08-29T18:00:00,249.17,12.92,141.31,7.14,106.05,34.0,29.0,72.5,0,0.0
2852,4,2026-08-29T19:00:00,287.03,15.13,129.16,6.16,108.14,33.77,28.8,72.5,0,0.0
2853,4,2026-08-29T20:00:00,266.78,15.37,101.59,7.94,112.56,34.03,28.1,69.5,0,0.0
2854,4,2026-08-29T21:00:00,285.91,13.6,104.12,7.89,98.75,32.83,26.0,68.9,1,0.5681
2855,4,2026-08-29T22:00:00,270.67,30.3,117.58,6.73,110.47,35.9,26.4,73.8,1,0.5838
2856,4,2026-08-29T23:00:00,306.69,13.6,121.76,8.04,117.97,36.7,25.8,73.7,0,0.0
2857,4,2026-08-30T00:00:00,292.51,15.33,134.23,7.53,135.98,37.3,27.7,77.4,0,0.0
2858,4,2026-08-30T01:00:00,302.29,14.22,141.55,8.68,126.97,41.86,25.6,77.6,0,0.0
2859,4,2026-08-30T02:00:00,320.46,18.02,133.97,9.17,105.76,32.33,27.7,75.5,0,0.0
2860,4,2026-08-30T03:00:00,291.3,19.29,129.22,9.65,112.38,36.98,26.6,74.5,0,0.0
2861,4,2026-08-30T04:00:00,338.12,17.68,134.67,9.15,108.9,35.54,28.6,91.2,0,0.0
2862,4,2026-08-30T05:00:00,310.99,15.34,124.27,8.52,128.97,38.3,29.8,91.0,0,0.0
2863,4,2026-08-30T06:00:00,444.07,17.6,194.65,11.24,156.77,48.98,31.1,100.0,1,0.5866
2864,4,2026-08-30T07:00:00,403.43,18.63,176.24,11.32,152.97,44.27,29.2,99.5,1,0.5763
2865,4,2026-08-30T08:00:00,764.8,21.19,213.92,11.58,152.35,45.86,31.3,100.0,1,0.6308
2866,4,2026-08-30T09:00:00,391.32,20.21,192.77,10.95,130.38,49.37,31.2,96.8,1,0.5587
2867,4,2026-08-30T10:00:00,1070.97,21.25,168.69,11.38,119.76,45.4,31.1,100.0,1,0.6495
2868,4,2026-08-30T11:00:00,387.19,21.06,186.91,10.23,119.98,42.95,31.9,95.6,0,0.0
2869,4,2026-08-30T12:00:00,336.14,18.48,187.88,10.38,119.97,42.97,30.9,96.0,0,0.0
2870,4,2026-08-30T13:00:00,323.54,19.28,163.77,8.63,134.62,39.58,32.3,95.2,0,0.0
2871,4,2026-08-30T14:00:00,326.55,15.78,163.57,8.85,124.95,43.84,31.8,80.3,0,0.0
2872,4,2026-08-30T15:00:00,281.35,16.9,144.89,7.9,123.97,41.46,29.1,64.9,0,0.0
2873,4,2026-08-30T16:00:00,264.02,14.3,146.22,8.71,125.68,37.97,30.0,80.5,0,0.0
2874,4,2026-08-30T17:00:00,274.42,15.6,138.1,8.22,119.08,34.3,28.5,81.1,0,0.0
2875,4,2026-08-30T18:00:00,256.86,14.46,141.42,6.81,108.86,34.4,28.2,76.7,0,0.0
2876,4,2026-08-30T19:00:00,232.06,14.26,111.37,7.72,106.97,36.37,27.9,61.9,0,0.0
2877,4,2026-08-30T20:00:00,302.39,15.62,121.06,8.42,102.57,31.43,27.5,68.6,0,0.0
2878,4,2026-08-30T21:00:00,280.69,16.44,118.71,7.99,99.95,31.13,26.2,73.0,0,0.0
2879,4,2026-08-30T22:00:00,526.4,15.01,125.25,8.14,124.67,38.08,26.3,77.8,1,0.6141
2880,4,2026-08-30T23:00:00,273.31,13.58,117.09,7.81,94.6,31.78,25.8,81.5,1,0.5659
2881,4,2026-08-31T00:00:00,297.28,16.06,147.81,9.2,124.07,34.07,26.2,82.9,0,0.0
2882,4,2026-08-31T01:00:00,315.12,16.77,136.22,10.44,115.18,38.99,27.8,79.1,0,0.0
2883,4,2026-08-31T02:00:00,265.67,16.52,130.49,8.54,109.81,39.61,27.8,84.2,0,0.0
2884,4,2026-08-31T03:00:00,279.36,16.06,126.06,7.59,129.47,34.21,28.0,91.1,0,0.0
2885,4,2026-08-31T04:00:00,272.01,15.19,133.31,7.77,118.12,41.17,27.9,84.1,0,0.0
2886,4,2026-08-31T05:00:00,296.67,13.95,142.64,10.04,121.45,30.61,29.4,83.3,0,0.0
2887,4,2026-08-31T06:00:00,365.86,19.6,198.92,10.46,163.85,50.77,31.9,92.0,0,0.0
2888,4,2026-08-31T07:00:00,353.72,20.37,181.48,10.34,155.18,45.36,29.9,100.0,0,0.0
2889,4,2026-08-31T08:00:00,401.15,18.1,167.12,11.43,127.1,48.41,31.2,92.8,0,0.0
2890,4,2026-08-31T09:00:00,410.9,19.3,200.0,11.12,166.4,39.88,31.8,100.0,0,0.0
2891,4,2026-08-31T10:00:00,406.34,18.91,186.94,11.19,136.89,47.82,31.6,100.0,0,0.0
2892,4,2026-08-31T11:00:00,396.79,19.33,197.69,10.5,145.81,35.17,32.7,95.0,0,0.0
2893,4,2026-08-31T12:00:00,389.49,16.14,193.61,10.24,137.6,45.38,31.2,100.0,0,0.0
2894,4,2026-08-31T13:00:00,294.18,16.19,139.42,9.56,137.54,36.27,31.1,81.9,0,0.0
2895,4,2026-08-31T14:00:00,286.6,15.54,170.43,9.5,121.61,41.6,32.8,81.8,0,0.0
2896,4,2026-08-31T15:00:00,328.53,15.99,167.46,8.03,126.62,37.54,30.3,79.5,0,0.0
2897,4,2026-08-31T16:00:00,301.12,17.11,151.99,9.2,124.29,39.13,29.7,78.8,0,0.0
2898,4,2026-08-31T17:00:00,253.35,14.56,145.79,8.55,119.36,34.67,30.9,71.0,0,0.0
2899,4,2026-08-31T18:00:00,265.21,14.14,134.08,8.01,108.92,36.85,28.2,62.1,0,0.0
2900,4,2026-08-31T19:00:00,244.57,13.04,120.3,7.72,97.65,33.45,25.9,75.5,0,0.0
2901,4,2026-08-31T20:00:00,253.13,15.07,117.93,8.01,100.98,32.54,27.8,68.9,0,0.0
2902,4,2026-08-31T21:00:00,302.17,15.36,129.83,7.24,104.91,34.28,25.4,69.3,0,0.0
2903,4,2026-08-31T22:00:00,292.87,15.49,128.41,6.87,109.15,38.71,27.3,69.5,0,0.0
2904,4,2026-08-31T23:00:00,282.22,15.48,111.07,8.56,111.51,33.89,26.3,75.5,0,0.0
2905,4,2026-09-01T00:00:00,281.27,15.92,109.46,8.46,119.39,37.7,24.5,83.3,0,0.0
2906,4,2026-09-01T01:00:00,297.11,16.58,155.39,7.78,141.97,33.42,26.4,74.5,0,0.0
2907,4,2026-09-01T02:00:00,325.88,15.68,140.55,9.71,117.02,38.22,26.9,74.0,0,0.0
2908,4,2026-09-01T03:00:00,289.87,15.07,116.32,8.82,119.3,38.19,27.9,83.6,0,0.0
2909,4,2026-09-01T04:00:00,322.98,15.48,155.25,9.82,114.2,37.09,28.0,80.4,0,0.0
2910,4,2026-09-01T05:00:00,318.53,17.78,146.11,8.8,114.8,38.27,29.5,85.2,0,0.0
2911,4,2026-09-01T06:00:00,382.65,17.09,186.1,11.18,143.19,51.63,30.0,100.0,0,0.0
2912,4,2026-09-01T07:00:00,400.23,18.31,171.74,11.58,138.26,45.35,30.4,97.9,0,0.0
2913,4,2026-09-01T08:00:00,359.94,20.08,176.47,11.27,157.48,48.65,32.1,100.0,0,0.0
2914,4,2026-09-01T09:00:00,368.07,20.99,222.79,11.5,140.1,48.57,31.4,97.0,1,0.566
2915,4,2026-09-01T10:00:00,303.6,22.38,201.13,11.85,128.49,46.75,32.1,100.0,1,0.5661
2916,4,2026-09-01T11:00:00,353.32,19.74,191.76,10.53,153.0,39.53,31.6,97.9,0,0.0
2917,4,2026-09-01T12:00:00,379.74,18.5,185.04,9.17,135.44,42.28,32.4,92.1,0,0.0
2918,4,2026-09-01T13:00:00,370.2,17.45,132.31,9.83,150.99,42.58,31.1,89.3,0,0.0
2919,4,2026-09-01T14:00:00,329.1,16.3,152.33,8.99,128.22,39.36,31.9,87.8,0,0.0
2920,4,2026-09-01T15:00:00,289.41,14.5,126.13,8.29,123.62,33.31,29.4,80.9,0,0.0
2921,4,2026-09-01T16:00:00,312.11,15.04,169.92,7.7,119.2,38.46,30.9,70.0,0,0.0
2922,4,2026-09-01T17:00:00,275.21,15.35,156.09,7.95,96.41,30.13,29.2,76.3,0,0.0
2923,4,2026-09-01T18:00:00,298.48,14.57,136.99,8.66,103.13,30.9,29.7,74.6,0,0.0
2924,4,2026-09-01T19:00:00,275.14,15.5,120.86,7.99,103.68,36.98,27.7,69.2,0,0.0
2925,4,2026-09-01T20:00:00,270.38,14.17,110.54,6.93,101.33,32.22,26.4,65.8,0,0.0
2926,4,2026-09-01T21:00:00,257.25,14.41,129.15,7.09,97.43,28.29,26.4,64.4,0,0.0
2927,4,2026-09-01T22:00:00,281.71,15.77,123.46,6.68,111.26,32.77,26.2,70.7,0,0.0
2928,4,2026-09-01T23:00:00,324.6,14.83,130.0,7.7,111.36,33.56,27.3,78.4,0,0.0
2929,4,2026-09-02T00:00:00,291.63,17.69,140.24,8.84,118.55,34.4,25.7,82.3,0,0.0
2930,4,2026-09-02T01:00:00,328.95,14.06,142.1,9.4,124.33,38.61,26.8,83.6,0,0.0
2931,4,2026-09-02T02:00:00,273.37,15.7,138.38,8.3,118.22,43.23,25.7,77.0,0,0.0
2932,4,2026-09-02T03:00:00,297.85,17.27,130.75,9.49,133.48,36.83,27.6,76.8,0,0.0
2933,4,2026-09-02T04:00:00,323.11,17.61,118.55,8.88,98.98,37.25,28.8,80.1,0,0.0
2934,4,2026-09-02T05:00:00,311.68,17.37,149.61,8.33,115.86,36.54,29.9,74.6,0,0.0
2935,4,2026-09-02T06:00:00,388.75,16.95,181.53,12.31,150.42,41.0,29.9,92.9,0,0.0
2936,4,2026-09-02T07:00:00,359.78,22.04,235.31,9.94,151.31,46.31,31.6,96.6,1,0.5632
2937,4,2026-09-02T08:00:00,361.96,20.42,193.4,10.36,150.38,47.47,31.5,100.0,0,0.0
2938,4,2026-09-02T09:00:00,378.9,20.07,210.61,11.2,146.89,47.47,32.1,95.8,0,0.0
2939,4,2026-09-02T10:00:00,400.29,23.29,198.63,10.02,147.21,44.42,32.8,94.0,0,0.0
2940,4,2026-09-02T11:00:00,351.66,16.63,169.83,9.73,145.31,40.85,32.0,97.3,0,0.0
2941,4,2026-09-02T12:00:00,299.98,17.13,205.04,12.1,136.01,45.51,33.4,93.0,0,0.0
2942,4,2026-09-02T13:00:00,383.29,19.18,195.35,11.98,127.69,38.72,32.2,87.6,0,0.0
2943,4,2026-09-02T14:00:00,328.25,20.17,134.42,9.24,129.76,39.41,30.8,89.5,0,0.0
2944,4,2026-09-02T15:00:00,274.12,18.55,151.75,9.39,116.26,40.21,29.7,88.0,0,0.0
2945,4,2026-09-02T16:00:00,292.5,15.61,131.33,9.29,114.74,35.76,30.2,79.0,0,0.0
2946,4,2026-09-02T17:00:00,271.17,13.63,141.63,7.66,117.46,39.83,30.0,80.9,0,0.0
2947,4,2026-09-02T18:00:00,312.35,13.07,101.28,7.06,100.43,32.9,27.8,74.9,0,0.0
2948,4,2026-09-02T19:00:00,241.8,14.85,116.12,8.2,117.69,30.71,27.0,74.0,0,0.0
2949,4,2026-09-02T20:00:00,275.79,13.56,128.45,6.35,106.84,33.84,27.8,72.1,0,0.0
2950,4,2026-09-02T21:00:00,259.71,15.8,140.07,7.89,109.37,30.91,28.8,68.0,0,0.0
2951,4,2026-09-02T22:00:00,265.42,14.44,114.42,8.03,94.74,29.06,26.4,81.5,0,0.0
2952,4,2026-09-02T23:00:00,268.76,12.18,132.86,8.88,98.09,33.79,26.9,74.9,0,0.0
2953,4,2026-09-03T00:00:00,291.96,14.61,139.23,8.57,115.76,32.07,26.4,89.2,0,0.0
2954,4,2026-09-03T01:00:00,313.02,40.33,139.0,8.03,129.42,36.56,26.0,81.6,1,0.0
2955,4,2026-09-03T02:00:00,333.16,15.24,126.39,9.17,127.56,35.03,26.0,72.9,0,0.0
2956,4,2026-09-03T03:00:00,329.16,16.33,136.35,7.86,124.64,35.74,26.1,88.2,0,0.0
2957,4,2026-09-03T04:00:00,256.94,15.87,128.11,8.32,110.17,40.02,28.3,83.9,0,0.0
2958,4,2026-09-03T05:00:00,314.38,17.56,144.41,8.22,122.12,33.87,30.6,83.3,0,0.0
2959,4,2026-09-03T06:00:00,325.59,20.61,183.75,10.04,134.87,50.14,29.6,97.7,0,0.0
2960,4,2026-09-03T07:00:00,352.93,21.43,186.79,9.86,158.6,45.2,30.3,99.4,0,0.0
2961,4,2026-09-03T08:00:00,364.91,19.2,224.8,11.01,134.85,48.86,32.5,98.6,1,0.5624
2962,4,2026-09-03T09:00:00,394.4,19.64,195.4,11.02,131.82,45.56,32.1,98.3,0,0.0
2963,4,2026-09-03T10:00:00,370.38,17.53,163.53,11.4,149.96,48.54,31.9,97.6,0,0.0
2964,4,2026-09-03T11:00:00,342.48,18.37,172.93,10.26,152.34,39.48,31.7,96.4,0,0.0
2965,4,2026-09-03T12:00:00,342.01,17.51,175.88,10.56,147.51,40.98,32.8,92.6,0,0.0
2966,4,2026-09-03T13:00:00,349.23,16.9,158.95,8.56,138.28,38.42,31.1,99.7,0,0.0
2967,4,2026-09-03T14:00:00,327.35,18.73,149.32,9.72,139.18,41.64,31.5,89.6,0,0.0
2968,4,2026-09-03T15:00:00,301.97,14.8,163.01,10.12,120.04,37.54,31.5,88.6,0,0.0
2969,4,2026-09-03T16:00:00,310.61,15.0,162.8,9.27,120.2,34.97,30.7,83.1,0,0.0
2970,4,2026-09-03T17:00:00,319.06,16.43,134.83,7.88,101.27,33.91,30.1,75.3,0,0.0
2971,4,2026-09-03T18:00:00,280.75,12.73,160.58,8.31,107.02,30.25,29.1,68.8,0,0.0
2972,4,2026-09-03T19:00:00,308.07,14.23,109.72,7.95,99.86,33.91,28.1,72.5,0,0.0
2973,4,2026-09-03T20:00:00,302.11,14.1,103.44,7.53,108.35,33.81,27.5,71.7,0,0.0
2974,4,2026-09-03T21:00:00,283.29,13.95,131.75,7.69,114.0,29.33,27.0,73.0,0,0.0
2975,4,2026-09-03T22:00:00,268.26,14.3,114.79,8.25,99.23,33.54,27.1,74.2,0,0.0
2976,4,2026-09-03T23:00:00,269.13,14.58,137.12,9.12,111.01,35.27,25.6,77.7,0,0.0
